实体名称,实体类型,制裁项目,依据法规,制裁原因,国家,来源,数据源,同步日期
Joint Stock Company Research and Production Association of Measuring Equipment,法人,,制裁,,,,eu_sanctions_map,2026-06-19
Nurkez,船只,EU-MARE,制裁,,,,eu_sanctions_map,2026-06-19
Fuga Bluemarine,船只,EU-MARE,制裁,,,,eu_sanctions_map,2026-06-19
Centurion,船只,EU-MARE,制裁,,,,eu_sanctions_map,2026-06-19
"Vologda Optical and Mechanical Plant, JSC",法人,,制裁,,,,eu_sanctions_map,2026-06-19
Tambov Plant (TZ) “October”,法人,,制裁,,,,eu_sanctions_map,2026-06-19
Lily (formerly Daban),船只,EU-MARE,制裁,,,,eu_sanctions_map,2026-06-19
Elbrus,船只,EU-MARE,制裁,,,,eu_sanctions_map,2026-06-19
Lucky Fairy,船只,EU-MARE,制裁,,,,eu_sanctions_map,2026-06-19
Deliver,船只,EU-MARE,制裁,,,,eu_sanctions_map,2026-06-19
OSCAR I,船只,EU-MARE,制裁,,,,eu_sanctions_map,2026-06-19
"Anzali Port, Iran",个人,EU-IRN,制裁,,,,eu_sanctions_map,2026-06-19
Central Research and Development Institute Tsiklon,法人,,制裁,,,,eu_sanctions_map,2026-06-19
AS CALCUTTA,船只,EU-MARE,制裁,,,,eu_sanctions_map,2026-06-19
UL JI BONG 6,船只,EU-PRK,制裁,,,,eu_sanctions_map,2026-06-19
Tai Shan,船只,EU-MARE,制裁,,,,eu_sanctions_map,2026-06-19
Robin Trade Limited,法人,,制裁,,,,eu_sanctions_map,2026-06-19
LADY LEILA,船只,EU-MARE,制裁,,,,eu_sanctions_map,2026-06-19
MATROS KOSHKA,船只,EU-MARE,制裁,,,,eu_sanctions_map,2026-06-19
Scientific Production Enterprise “Radiosviaz”,法人,,制裁,,,,eu_sanctions_map,2026-06-19
SEA OWL I,船只,EU-MARE,制裁,,,,eu_sanctions_map,2026-06-19
Sagitta,船只,EU-MARE,制裁,,,,eu_sanctions_map,2026-06-19
Scientific-Production Association Vint of Zvezdochka Shipyard (SPU Vint),法人,,制裁,,,,eu_sanctions_map,2026-06-19
MIKHAIL ULYANOV,船只,EU-MARE,制裁,,,,eu_sanctions_map,2026-06-19
Dolgoprudniy Design Bureau of Automatics (DDBA JSC),法人,,制裁,,,,eu_sanctions_map,2026-06-19
PAEK MA,船只,EU-PRK,制裁,,,,eu_sanctions_map,2026-06-19
Communication center of the Ministry of Defense,法人,,制裁,,,,eu_sanctions_map,2026-06-19
Berra,船只,EU-MARE,制裁,,,,eu_sanctions_map,2026-06-19
Pervyi Kanal,法人,,制裁,,,,eu_sanctions_map,2026-06-19
SHTURMAN SHCHERBININ,船只,EU-MARE,制裁,,,,eu_sanctions_map,2026-06-19
Scientific Research Institute of Hypersonic Systems,法人,,制裁,,,,eu_sanctions_map,2026-06-19
Joint Stock Company Special Design Bureau of Control Means,法人,,制裁,,,,eu_sanctions_map,2026-06-19
Xue Song,船只,EU-MARE,制裁,,,,eu_sanctions_map,2026-06-19
"Tactical Missile Company, NPO Lightning",法人,,制裁,,,,eu_sanctions_map,2026-06-19
Georgy Maslov,船只,EU-MARE,制裁,,,,eu_sanctions_map,2026-06-19
DONG FENG 6,船只,EU-PRK,制裁,,,,eu_sanctions_map,2026-06-19
SAKHALIN,船只,EU-MARE,制裁,,,,eu_sanctions_map,2026-06-19
RuBaltic,法人,,制裁,,,,eu_sanctions_map,2026-06-19
Rubin Sever Design Bureau,法人,,制裁,,,,eu_sanctions_map,2026-06-19
Sea Marine I,船只,EU-MARE,制裁,,,,eu_sanctions_map,2026-06-19
Corum,船只,EU-MARE,制裁,,,,eu_sanctions_map,2026-06-19
"AGAT, Gavrilov-Yaminskiy Machine-Building Plant, JSC",法人,,制裁,,,,eu_sanctions_map,2026-06-19
VALENTIN PIKUL,船只,EU-MARE,制裁,,,,eu_sanctions_map,2026-06-19
Ailama,船只,EU-MARE,制裁,,,,eu_sanctions_map,2026-06-19
KAPITAN GOTSKY,船只,EU-MARE,制裁,,,,eu_sanctions_map,2026-06-19
Huihai Pacific,船只,EU-MARE,制裁,,,,eu_sanctions_map,2026-06-19
Systems of Biological Synthesis LLC,法人,,制裁,,,,eu_sanctions_map,2026-06-19
Microelectronic Research and Development Center Novosibirsk,法人,,制裁,,,,eu_sanctions_map,2026-06-19
Nikolay Zadornov,船只,EU-MARE,制裁,,,,eu_sanctions_map,2026-06-19
Joint Stock Company Research and Production Enterprise Sapfir,法人,,制裁,,,,eu_sanctions_map,2026-06-19
Joint Stock Company Scientific Production Enterprise Topaz,法人,,制裁,,,,eu_sanctions_map,2026-06-19
NILANGA,船只,EU-MARE,制裁,,,,eu_sanctions_map,2026-06-19
Noble,船只,EU-MARE,制裁,,,,eu_sanctions_map,2026-06-19
Fondsk,法人,,制裁,,,,eu_sanctions_map,2026-06-19
Kruger,船只,EU-MARE,制裁,,,,eu_sanctions_map,2026-06-19
Joint Stock Company Scientific Research Institute of Industrial Television Rastr,法人,,制裁,,,,eu_sanctions_map,2026-06-19
JSC Sirius,法人,,制裁,,,,eu_sanctions_map,2026-06-19
Polyot Chelyabinsk Radio Plant JSC,法人,,制裁,,,,eu_sanctions_map,2026-06-19
SANAR-15,船只,EU-MARE,制裁,,,,eu_sanctions_map,2026-06-19
Sakina,船只,EU-MARE,制裁,,,,eu_sanctions_map,2026-06-19
TV Centre International,法人,,制裁,,,,eu_sanctions_map,2026-06-19
Scientific Research Institute of Applied Acoustics (NIIPA),法人,,制裁,,,,eu_sanctions_map,2026-06-19
Mahamadou AG RHISSA,个人,EU-MLI,制裁,,,,eu_sanctions_map,2026-06-19
Miass Machine-Building Factory,法人,,制裁,,,,eu_sanctions_map,2026-06-19
Volgoneft 160,船只,EU-MARE,制裁,,,,eu_sanctions_map,2026-06-19
Hunter Star,船只,EU-MARE,制裁,,,,eu_sanctions_map,2026-06-19
Krymsk,船只,EU-MARE,制裁,,,,eu_sanctions_map,2026-06-19
CHENG HE,船只,EU-MARE,制裁,,,,eu_sanctions_map,2026-06-19
KARAKUZ,船只,EU-MARE,制裁,,,,eu_sanctions_map,2026-06-19
T Cereal (formerly Rolin),船只,EU-MARE,制裁,,,,eu_sanctions_map,2026-06-19
Mitzel (formerly Olivia),船只,EU-MARE,制裁,,,,eu_sanctions_map,2026-06-19
Lutch Design Office JSC,法人,,制裁,,,,eu_sanctions_map,2026-06-19
Zaliv Amerika,船只,EU-MARE,制裁,,,,eu_sanctions_map,2026-06-19
ISE SO RAN Institute of High-Current Electronics,法人,,制裁,,,,eu_sanctions_map,2026-06-19
Moscow Aviation Institute,法人,,制裁,,,,eu_sanctions_map,2026-06-19
N.A. Dollezhal Order of Lenin Research and Design Institute of Power Engineering,法人,,制裁,,,,eu_sanctions_map,2026-06-19
Cheetah II,船只,EU-MARE,制裁,,,,eu_sanctions_map,2026-06-19
Software Research Institute,法人,,制裁,,,,eu_sanctions_map,2026-06-19
HAO FAN 2,船只,EU-PRK,制裁,,,,eu_sanctions_map,2026-06-19
SANAR-14,船只,EU-MARE,制裁,,,,eu_sanctions_map,2026-06-19
Taimyr,船只,EU-MARE,制裁,,,,eu_sanctions_map,2026-06-19
Zevs,船只,EU-MARE,制裁,,,,eu_sanctions_map,2026-06-19
Stellar Beverly,船只,EU-MARE,制裁,,,,eu_sanctions_map,2026-06-19
Kusto,船只,EU-MARE,制裁,,,,eu_sanctions_map,2026-06-19
Smyrtos,船只,EU-MARE,制裁,,,,eu_sanctions_map,2026-06-19
VASILY DINKOV,船只,EU-MARE,制裁,,,,eu_sanctions_map,2026-06-19
PETREL 8,船只,EU-PRK,制裁,,,,eu_sanctions_map,2026-06-19
Bivola,船只,EU-MARE,制裁,,,,eu_sanctions_map,2026-06-19
KOTI,船只,EU-PRK,制裁,,,,eu_sanctions_map,2026-06-19
Joint Stock Company Special Design Bureau of Computer Engineering,法人,,制裁,,,,eu_sanctions_map,2026-06-19
Strategic Culture Foundation,法人,,制裁,,,,eu_sanctions_map,2026-06-19
Aura,船只,EU-MARE,制裁,,,,eu_sanctions_map,2026-06-19
Great Jacombo,船只,EU-MARE,制裁,,,,eu_sanctions_map,2026-06-19
TRUVOR,船只,EU-MARE,制裁,,,,eu_sanctions_map,2026-06-19
Institute of Physics Named After P.N. Lebedev of the Russian Academy of Sciences (LPI),法人,,制裁,,,,eu_sanctions_map,2026-06-19
Public Joint Stock Company Megafon,法人,,制裁,,,,eu_sanctions_map,2026-06-19
Joint Stock Company Metallist Samara (Metallist Samara),法人,,制裁,,,,eu_sanctions_map,2026-06-19
Iran Aircraft Manufacturing Industries Corporation (HESA),法人,,制裁,,,,eu_sanctions_map,2026-06-19
ADITYA,船只,EU-MARE,制裁,,,,eu_sanctions_map,2026-06-19
Joint Stock Company Research and Production Association Named After S.A. Lavochkina,法人,,制裁,,,,eu_sanctions_map,2026-06-19
VENUS III,船只,EU-MARE,制裁,,,,eu_sanctions_map,2026-06-19
Destamar,船只,EU-MARE,制裁,,,,eu_sanctions_map,2026-06-19
Beast,船只,EU-MARE,制裁,,,,eu_sanctions_map,2026-06-19
Joint Stock Company Vzlet Engineering Testing Support,法人,,制裁,,,,eu_sanctions_map,2026-06-19
"Mote Thun (a.k.a. Saw Mote Thun, Mote Thone)",个人,EU-MMR,制裁,,,,eu_sanctions_map,2026-06-19
Limited Liability Company Research and Production Association Radiovolna,法人,,制裁,,,,eu_sanctions_map,2026-06-19
SINAR G,船只,EU-MARE,制裁,,,,eu_sanctions_map,2026-06-19
SHTURMAN MALYGIN,船只,EU-MARE,制裁,,,,eu_sanctions_map,2026-06-19
Joint Stock Company Perm Machine Building Plant,法人,,制裁,,,,eu_sanctions_map,2026-06-19
Oriental Review,法人,,制裁,,,,eu_sanctions_map,2026-06-19
Belarusbank,法人,EU-BLR,制裁,,,,eu_sanctions_map,2026-06-19
VASILY LANOVOY,船只,EU-MARE,制裁,,,,eu_sanctions_map,2026-06-19
Open Joint Stock Company Volgograd Radio-Technical Equipment Plant (VZ RTO),法人,,制裁,,,,eu_sanctions_map,2026-06-19
Maisha,船只,EU-MARE,制裁,,,,eu_sanctions_map,2026-06-19
AO Geomir,法人,,制裁,,,,eu_sanctions_map,2026-06-19
RAGNAR,船只,EU-MARE,制裁,,,,eu_sanctions_map,2026-06-19
Heng Tai,船只,EU-MARE,制裁,,,,eu_sanctions_map,2026-06-19
Phoenix,船只,EU-MARE,制裁,,,,eu_sanctions_map,2026-06-19
Joint Stock Company Scientific Production Enterprise Kontakt,法人,,制裁,,,,eu_sanctions_map,2026-06-19
"Tactical Missile Company, Joint Stock Company “URALELEMENT”",法人,,制裁,,,,eu_sanctions_map,2026-06-19
Avior,船只,EU-MARE,制裁,,,,eu_sanctions_map,2026-06-19
Aqua Titan (formerly Lang Ya),船只,EU-MARE,制裁,,,,eu_sanctions_map,2026-06-19
Odune,船只,EU-MARE,制裁,,,,eu_sanctions_map,2026-06-19
ABHRA,船只,EU-MARE,制裁,,,,eu_sanctions_map,2026-06-19
NOYABRSK,船只,EU-MARE,制裁,,,,eu_sanctions_map,2026-06-19
Bolognia Falcon,船只,EU-MARE,制裁,,,,eu_sanctions_map,2026-06-19
Bank SINARA,法人,,制裁,,,,eu_sanctions_map,2026-06-19
ETHERA,船只,EU-MARE,制裁,,,,eu_sanctions_map,2026-06-19
EADaily / Eurasia Daily,法人,,制裁,,,,eu_sanctions_map,2026-06-19
Vernal,船只,EU-MARE,制裁,,,,eu_sanctions_map,2026-06-19
Tin Win (a.k.a. Saw Tin Win,个人,EU-MMR,制裁,,,,eu_sanctions_map,2026-06-19
Scientific-Production Enterprise Volna,法人,,制裁,,,,eu_sanctions_map,2026-06-19
"Tactical Missile Corporation, Azov Optical and Mechanical Plant",法人,,制裁,,,,eu_sanctions_map,2026-06-19
Shenzhen Biguang Trading Co. Ltd,法人,,制裁,,,,eu_sanctions_map,2026-06-19
Belinvestbank (Belarusian Bank for Development and Reconstruction),法人,EU-BLR,制裁,,,,eu_sanctions_map,2026-06-19
Leningrad Laser Systems,法人,,制裁,,,,eu_sanctions_map,2026-06-19
OAO GosNIIkhimanalit,法人,,制裁,,,,eu_sanctions_map,2026-06-19
St. Petersburg Shipbuilding Institution Krylov 45,法人,,制裁,,,,eu_sanctions_map,2026-06-19
TAGOR,船只,EU-MARE,制裁,,,,eu_sanctions_map,2026-06-19
Viper,船只,EU-MARE,制裁,,,,eu_sanctions_map,2026-06-19
Katran,船只,EU-MARE,制裁,,,,eu_sanctions_map,2026-06-19
Joint Stock Company Production Association Sever,法人,,制裁,,,,eu_sanctions_map,2026-06-19
Keldysh Institute of Applied Mathematics of the Russian Academy of Sciences,法人,,制裁,,,,eu_sanctions_map,2026-06-19
New Power,船只,EU-MARE,制裁,,,,eu_sanctions_map,2026-06-19
Talisman,船只,EU-MARE,制裁,,,,eu_sanctions_map,2026-06-19
Irtysh River,船只,EU-MARE,制裁,,,,eu_sanctions_map,2026-06-19
"Bryansk Automobile Plant, JSC",法人,,制裁,,,,eu_sanctions_map,2026-06-19
AURA MARIS,船只,EU-MARE,制裁,,,,eu_sanctions_map,2026-06-19
North Sky,船只,EU-MARE,制裁,,,,eu_sanctions_map,2026-06-19
DENVER,船只,EU-MARE,制裁,,,,eu_sanctions_map,2026-06-19
Etalon Scientific and Production Association,法人,,制裁,,,,eu_sanctions_map,2026-06-19
GT HONOR,船只,EU-MARE,制裁,,,,eu_sanctions_map,2026-06-19
Blue,船只,EU-MARE,制裁,,,,eu_sanctions_map,2026-06-19
Panda,船只,EU-MARE,制裁,,,,eu_sanctions_map,2026-06-19
Yi Meng Shan (formerly Attica),船只,EU-MARE,制裁,,,,eu_sanctions_map,2026-06-19
THOTH,船只,EU-MARE,制裁,,,,eu_sanctions_map,2026-06-19
Kuznets business Bank,法人,,制裁,,,,eu_sanctions_map,2026-06-19
ASTORIA,船只,EU-MARE,制裁,,,,eu_sanctions_map,2026-06-19
Xanthos Eos (formerly Mermar),船只,EU-MARE,制裁,,,,eu_sanctions_map,2026-06-19
Universal,船只,EU-MARE,制裁,,,,eu_sanctions_map,2026-06-19
Scientific-Research Institute of Automated Systems and Communications Complexes Neptune JSC,法人,,制裁,,,,eu_sanctions_map,2026-06-19
"“Aeropribor-Voskhod”, JSC",法人,,制裁,,,,eu_sanctions_map,2026-06-19
Open Joint Stock Company 170 Flight Support Equipment Repair Plant (170 RZ SOP),法人,,制裁,,,,eu_sanctions_map,2026-06-19
GARUDA,船只,EU-MARE,制裁,,,,eu_sanctions_map,2026-06-19
Koen,船只,EU-MARE,制裁,,,,eu_sanctions_map,2026-06-19
Joint Stock Company Center of Research and Technology Services Dinamika,法人,,制裁,,,,eu_sanctions_map,2026-06-19
Federal Service for Military-Technical Cooperation,法人,,制裁,,,,eu_sanctions_map,2026-06-19
SHTURMAN KOSHELEV,船只,EU-MARE,制裁,,,,eu_sanctions_map,2026-06-19
Yilufa Electronics Ltd.,法人,,制裁,,,,eu_sanctions_map,2026-06-19
ONEIROI,船只,EU-MARE,制裁,,,,eu_sanctions_map,2026-06-19
Zaliv Vostok,船只,EU-MARE,制裁,,,,eu_sanctions_map,2026-06-19
"Promtech-Dubna, JSC",法人,,制裁,,,,eu_sanctions_map,2026-06-19
Nizami Ganjavi,船只,EU-MARE,制裁,,,,eu_sanctions_map,2026-06-19
"Tactical Missile Corporation, AO GNPP “Region”",法人,,制裁,,,,eu_sanctions_map,2026-06-19
FAN KE,船只,EU-PRK,制裁,,,,eu_sanctions_map,2026-06-19
Kira K,船只,EU-MARE,制裁,,,,eu_sanctions_map,2026-06-19
HE BO,船只,EU-MARE,制裁,,,,eu_sanctions_map,2026-06-19
"SPA “Impuls”, JSC",法人,,制裁,,,,eu_sanctions_map,2026-06-19
Novorossiysk,法人,,制裁,,,,eu_sanctions_map,2026-06-19
Seginus,船只,EU-MARE,制裁,,,,eu_sanctions_map,2026-06-19
Pate (formerly Shaanxi),船只,EU-MARE,制裁,,,,eu_sanctions_map,2026-06-19
Malak (formerly Ping An),船只,EU-MARE,制裁,,,,eu_sanctions_map,2026-06-19
HAO FAN 6,船只,EU-PRK,制裁,,,,eu_sanctions_map,2026-06-19
Special Research Bureau for Automation of Marine Researches Far East Branch Russian Academy of Sciences,法人,,制裁,,,,eu_sanctions_map,2026-06-19
INTEGRITY RACER,船只,EU-MARE,制裁,,,,eu_sanctions_map,2026-06-19
United Shipbuilding Corporation JSC “Aysberg Central Design Bureau”,法人,,制裁,,,,eu_sanctions_map,2026-06-19
VF Tanker-4,船只,EU-MARE,制裁,,,,eu_sanctions_map,2026-06-19
Joint Stock Company Management Company Radiostandard,法人,,制裁,,,,eu_sanctions_map,2026-06-19
Islamic Republic of Iran Shipping Lines (IRISL),法人,EU-IRN,制裁,,,,eu_sanctions_map,2026-06-19
Rigel,船只,EU-MARE,制裁,,,,eu_sanctions_map,2026-06-19
Sooraj,船只,EU-MARE,制裁,,,,eu_sanctions_map,2026-06-19
"Saw Chit Thu (a.k.a. Saw San Myint, Maung Chit Thu, Chit Thu)",个人,EU-MMR,制裁,,,,eu_sanctions_map,2026-06-19
Pskov Distance Communications Equipment Plant,法人,,制裁,,,,eu_sanctions_map,2026-06-19
OCEAN II,船只,EU-MARE,制裁,,,,eu_sanctions_map,2026-06-19
Voice of Europe,法人,,制裁,,,,eu_sanctions_map,2026-06-19
Wilma II,船只,EU-MARE,制裁,,,,eu_sanctions_map,2026-06-19
Kelly Grace (formerly Vela Rain),船只,EU-MARE,制裁,,,,eu_sanctions_map,2026-06-19
SHTURMAN OVTSYN,船只,EU-MARE,制裁,,,,eu_sanctions_map,2026-06-19
Udaya,船只,EU-MARE,制裁,,,,eu_sanctions_map,2026-06-19
Public Joint Stock Company Stavropol Radio Plant Signal,法人,,制裁,,,,eu_sanctions_map,2026-06-19
TONG SAN 2,船只,EU-PRK,制裁,,,,eu_sanctions_map,2026-06-19
Topaz,船只,EU-MARE,制裁,,,,eu_sanctions_map,2026-06-19
SAM MA 2,船只,EU-PRK,制裁,,,,eu_sanctions_map,2026-06-19
Saathi (formerly Onrim),船只,EU-MARE,制裁,,,,eu_sanctions_map,2026-06-19
Saturn,船只,EU-MARE,制裁,,,,eu_sanctions_map,2026-06-19
Immanuel,船只,EU-MARE,制裁,,,,eu_sanctions_map,2026-06-19
Argent (formerly Jaguar),船只,EU-MARE,制裁,,,,eu_sanctions_map,2026-06-19
ZAFAR,船只,EU-MARE,制裁,,,,eu_sanctions_map,2026-06-19
Joint Stock Company Aviaremont (Aviaremont),法人,,制裁,,,,eu_sanctions_map,2026-06-19
Vertikal LLC,法人,,制裁,,,,eu_sanctions_map,2026-06-19
Art Logistics LLC,法人,,制裁,,,,eu_sanctions_map,2026-06-19
Engineering Center Moselectronproekt,法人,,制裁,,,,eu_sanctions_map,2026-06-19
Russian Railways,法人,,制裁,,,,eu_sanctions_map,2026-06-19
Mitishinskiy Scientific Research Institute of Radio Measuring Instruments,法人,,制裁,,,,eu_sanctions_map,2026-06-19
MD Miranda,船只,EU-MARE,制裁,,,,eu_sanctions_map,2026-06-19
KIRILL LAVROV,船只,EU-MARE,制裁,,,,eu_sanctions_map,2026-06-19
"Tactical Missile Company, PJSC “MBDB ‘ISKRA’”",法人,,制裁,,,,eu_sanctions_map,2026-06-19
Joint Stock Company Special Industrial and Technical Base Zvezdochka (SPTB Zvezdochka),法人,,制裁,,,,eu_sanctions_map,2026-06-19
RN SAKHALIN,船只,EU-MARE,制裁,,,,eu_sanctions_map,2026-06-19
Lark (formerly Lea I),船只,EU-MARE,制裁,,,,eu_sanctions_map,2026-06-19
Eternal Peace,船只,EU-MARE,制裁,,,,eu_sanctions_map,2026-06-19
COATLICUE,船只,EU-MARE,制裁,,,,eu_sanctions_map,2026-06-19
Koala,船只,EU-MARE,制裁,,,,eu_sanctions_map,2026-06-19
Astrakhan,法人,,制裁,,,,eu_sanctions_map,2026-06-19
Joint Stock Company Scientific Research Institute of Computing Complexes Named After M.A. Kartsev,法人,,制裁,,,,eu_sanctions_map,2026-06-19
VANINO,船只,EU-MARE,制裁,,,,eu_sanctions_map,2026-06-19
Krasnoyarsk,船只,EU-MARE,制裁,,,,eu_sanctions_map,2026-06-19
Bratsk,船只,EU-MARE,制裁,,,,eu_sanctions_map,2026-06-19
SABINA,船只,EU-MARE,制裁,,,,eu_sanctions_map,2026-06-19
"Burevestnik Central Research Institute, JSC",法人,,制裁,,,,eu_sanctions_map,2026-06-19
Joint Stok Company Microtechnology,法人,,制裁,,,,eu_sanctions_map,2026-06-19
"Tactical Missile Corporation, Joint Stock Company “KRASNY GIDROPRESS”",法人,,制裁,,,,eu_sanctions_map,2026-06-19
Thane,船只,EU-MARE,制裁,,,,eu_sanctions_map,2026-06-19
ARMADA LEADER,船只,EU-MARE,制裁,,,,eu_sanctions_map,2026-06-19
Himalaya,船只,EU-MARE,制裁,,,,eu_sanctions_map,2026-06-19
Veles,船只,EU-MARE,制裁,,,,eu_sanctions_map,2026-06-19
SEADAR,船只,EU-MARE,制裁,,,,eu_sanctions_map,2026-06-19
VARG,船只,EU-MARE,制裁,,,,eu_sanctions_map,2026-06-19
Koryak FSU,船只,EU-MARE,制裁,,,,eu_sanctions_map,2026-06-19
Rymo,船只,EU-MARE,制裁,,,,eu_sanctions_map,2026-06-19
Ust-Luga,法人,,制裁,,,,eu_sanctions_map,2026-06-19
Narcissus,船只,EU-MARE,制裁,,,,eu_sanctions_map,2026-06-19
Fu Hai Wan,船只,EU-MARE,制裁,,,,eu_sanctions_map,2026-06-19
Scientific-Production Enterprise Almaz JSC,法人,,制裁,,,,eu_sanctions_map,2026-06-19
OMP LLC,法人,,制裁,,,,eu_sanctions_map,2026-06-19
Quren Salih Quren AL-QADHAFI,个人,EU-LBY,制裁,,,,eu_sanctions_map,2026-06-19
PJSC Zvezda,法人,,制裁,,,,eu_sanctions_map,2026-06-19
ANABAR,船只,EU-MARE,制裁,,,,eu_sanctions_map,2026-06-19
ARYABHATA,船只,EU-MARE,制裁,,,,eu_sanctions_map,2026-06-19
Cangjie,船只,EU-MARE,制裁,,,,eu_sanctions_map,2026-06-19
Missoni,船只,EU-MARE,制裁,,,,eu_sanctions_map,2026-06-19
Joint Stock Company Urals Instrument-Engineering Plant,法人,,制裁,,,,eu_sanctions_map,2026-06-19
Zhukovsky International Airport,法人,,制裁,,,,eu_sanctions_map,2026-06-19
Sea Honor,船只,EU-MARE,制裁,,,,eu_sanctions_map,2026-06-19
NewsFront,法人,,制裁,,,,eu_sanctions_map,2026-06-19
Vostochny Prospect,船只,EU-MARE,制裁,,,,eu_sanctions_map,2026-06-19
Moscow Institute of Thermal Technology,法人,,制裁,,,,eu_sanctions_map,2026-06-19
Arctic Mulan,船只,EU-MARE,制裁,,,,eu_sanctions_map,2026-06-19
UAB Pella-Fjord,法人,,制裁,,,,eu_sanctions_map,2026-06-19
GENERAL SKOBELEV,船只,EU-MARE,制裁,,,,eu_sanctions_map,2026-06-19
ALEKSEY SAVRASOV,船只,EU-MARE,制裁,,,,eu_sanctions_map,2026-06-19
Photon Pro LLC,法人,,制裁,,,,eu_sanctions_map,2026-06-19
Tasta,船只,EU-MARE,制裁,,,,eu_sanctions_map,2026-06-19
Open Joint Stock Company 325 Aviation Repair Plant (325 ARZ),法人,,制裁,,,,eu_sanctions_map,2026-06-19
Meridian (formerly Moskovsky Prospect),船只,EU-MARE,制裁,,,,eu_sanctions_map,2026-06-19
Spel LLC,法人,,制裁,,,,eu_sanctions_map,2026-06-19
BAVLY,船只,EU-MARE,制裁,,,,eu_sanctions_map,2026-06-19
Daphne I,船只,EU-MARE,制裁,,,,eu_sanctions_map,2026-06-19
XING CHEN,船只,EU-MARE,制裁,,,,eu_sanctions_map,2026-06-19
SHANG YUAN BAO,船只,EU-PRK,制裁,,,,eu_sanctions_map,2026-06-19
Christophe de Margerie,船只,EU-MARE,制裁,,,,eu_sanctions_map,2026-06-19
San Cosmas,船只,EU-MARE,制裁,,,,eu_sanctions_map,2026-06-19
New Eastern Outlook,法人,,制裁,,,,eu_sanctions_map,2026-06-19
HORAE,船只,EU-MARE,制裁,,,,eu_sanctions_map,2026-06-19
Joint Stock Company 360 Aviation Repair Plant (360 ARZ),法人,,制裁,,,,eu_sanctions_map,2026-06-19
OJSC Stankoinstrument,法人,,制裁,,,,eu_sanctions_map,2026-06-19
Joint Stock Company Scientific Production Concern Tekhmash,法人,,制裁,,,,eu_sanctions_map,2026-06-19
Torex,船只,EU-MARE,制裁,,,,eu_sanctions_map,2026-06-19
JIN HUI,船只,EU-MARE,制裁,,,,eu_sanctions_map,2026-06-19
Yi Tong,船只,EU-MARE,制裁,,,,eu_sanctions_map,2026-06-19
LEONA,船只,EU-MARE,制裁,,,,eu_sanctions_map,2026-06-19
Novosibirsk Plant of Artificial Fibre,法人,,制裁,,,,eu_sanctions_map,2026-06-19
Fjord Seal,船只,EU-MARE,制裁,,,,eu_sanctions_map,2026-06-19
Primsotsbank,法人,,制裁,,,,eu_sanctions_map,2026-06-19
Vest Ost Limited Liability,法人,,制裁,,,,eu_sanctions_map,2026-06-19
Vision,船只,EU-MARE,制裁,,,,eu_sanctions_map,2026-06-19
Andromeda,船只,EU-MARE,制裁,,,,eu_sanctions_map,2026-06-19
Special Design Bureau Salute JSC,法人,,制裁,,,,eu_sanctions_map,2026-06-19
Carl,船只,EU-MARE,制裁,,,,eu_sanctions_map,2026-06-19
PJSC Kazan Helicopters,法人,,制裁,,,,eu_sanctions_map,2026-06-19
Atlas,船只,EU-MARE,制裁,,,,eu_sanctions_map,2026-06-19
M/V Maria,船只,EU-MARE,制裁,,,,eu_sanctions_map,2026-06-19
INNOVATOR,船只,EU-MARE,制裁,,,,eu_sanctions_map,2026-06-19
Meteor Plant JSC,法人,,制裁,,,,eu_sanctions_map,2026-06-19
STALINGRAD,船只,EU-MARE,制裁,,,,eu_sanctions_map,2026-06-19
Kolomna,船只,EU-MARE,制裁,,,,eu_sanctions_map,2026-06-19
Skolkovo Institute of Science and Technology,法人,,制裁,,,,eu_sanctions_map,2026-06-19
Lumin,船只,EU-MARE,制裁,,,,eu_sanctions_map,2026-06-19
LLC Yadro,法人,,制裁,,,,eu_sanctions_map,2026-06-19
Kord Atlantic,船只,EU-MARE,制裁,,,,eu_sanctions_map,2026-06-19
Siberian Scientific-Research Institute of Aviation N.A. S.A. Chaplygin (SibNIA),法人,,制裁,,,,eu_sanctions_map,2026-06-19
Maia-1,船只,EU-MARE,制裁,,,,eu_sanctions_map,2026-06-19
Line,船只,,制裁,,,,eu_sanctions_map,2026-06-19
RT Balkan,法人,,制裁,,,,eu_sanctions_map,2026-06-19
Aria,船只,EU-MARE,制裁,,,,eu_sanctions_map,2026-06-19
Evita,船只,EU-MARE,制裁,,,,eu_sanctions_map,2026-06-19
AO Center of Shipbuilding and Ship Repairing JSC,法人,,制裁,,,,eu_sanctions_map,2026-06-19
Joint Stock Company Zelenodolsk Plant Named After A.M. Gorky,法人,,制裁,,,,eu_sanctions_map,2026-06-19
Forensic Center of Nizhniy Novgorod Region Main Directorate of the Ministry of Interior Affairs,法人,,制裁,,,,eu_sanctions_map,2026-06-19
ATLANTICOS,船只,EU-MARE,制裁,,,,eu_sanctions_map,2026-06-19
"Central Design Bureau for Marine Engineering “Rubin”, JSC",法人,,制裁,,,,eu_sanctions_map,2026-06-19
Pierre,船只,EU-MARE,制裁,,,,eu_sanctions_map,2026-06-19
Mohammad Reza KHIABANI,个人,EU-IRN,制裁,,,,eu_sanctions_map,2026-06-19
PRIMORYE,船只,EU-MARE,制裁,,,,eu_sanctions_map,2026-06-19
Victor Konetsky,船只,,制裁,,,,eu_sanctions_map,2026-06-19
Andromeda Star,船只,EU-MARE,制裁,,,,eu_sanctions_map,2026-06-19
"Tactical Missile Corporation, RKB Globus",法人,,制裁,,,,eu_sanctions_map,2026-06-19
Odin,船只,EU-MARE,制裁,,,,eu_sanctions_map,2026-06-19
Reus,船只,EU-MARE,制裁,,,,eu_sanctions_map,2026-06-19
Jaldhara,船只,EU-MARE,制裁,,,,eu_sanctions_map,2026-06-19
Sierra,船只,EU-MARE,制裁,,,,eu_sanctions_map,2026-06-19
HAP JANG GANG 6,船只,EU-PRK,制裁,,,,eu_sanctions_map,2026-06-19
Omsk Scientific-Research Institute of Instrument Engineering JSC,法人,,制裁,,,,eu_sanctions_map,2026-06-19
Flura,船只,EU-MARE,制裁,,,,eu_sanctions_map,2026-06-19
Informakustika JSC,法人,,制裁,,,,eu_sanctions_map,2026-06-19
Xiwang,船只,EU-MARE,制裁,,,,eu_sanctions_map,2026-06-19
Golden Eagle,船只,EU-MARE,制裁,,,,eu_sanctions_map,2026-06-19
Victor Konetsky,船只,EU-MARE,制裁,,,,eu_sanctions_map,2026-06-19
Lalique,船只,EU-MARE,制裁,,,,eu_sanctions_map,2026-06-19
Informtest Firm Limited Liability Company,法人,,制裁,,,,eu_sanctions_map,2026-06-19
ZAO Sparta,法人,,制裁,,,,eu_sanctions_map,2026-06-19
ASIA BRIDGE 1,船只,EU-PRK,制裁,,,,eu_sanctions_map,2026-06-19
Joint Stock Company Tula Machine-Building Plant,法人,,制裁,,,,eu_sanctions_map,2026-06-19
BAI LU,船只,EU-MARE,制裁,,,,eu_sanctions_map,2026-06-19
Argut OOO,法人,,制裁,,,,eu_sanctions_map,2026-06-19
Sputnik Energy (formerly Pioneer),船只,EU-MARE,制裁,,,,eu_sanctions_map,2026-06-19
Kaluga Scientific-Research Institute of Telemechanical Devices JSC,法人,,制裁,,,,eu_sanctions_map,2026-06-19
Mohamed OUSMANE MOHAMEDOUNE,个人,EU-MLI,制裁,,,,eu_sanctions_map,2026-06-19
Shahed Aviation Industries,法人,,制裁,,,,eu_sanctions_map,2026-06-19
"Tactical Missile Corporation, Ural Design Bureau “Detal”",法人,,制裁,,,,eu_sanctions_map,2026-06-19
Samadha,船只,EU-MARE,制裁,,,,eu_sanctions_map,2026-06-19
Open Joint Stock Company Scientific and Production Enterprise Pulsar,法人,,制裁,,,,eu_sanctions_map,2026-06-19
Izvestija,法人,,制裁,,,,eu_sanctions_map,2026-06-19
Rosselkhozbank,法人,,制裁,,,,eu_sanctions_map,2026-06-19
Lion I,船只,EU-MARE,制裁,,,,eu_sanctions_map,2026-06-19
BHILVA,船只,EU-MARE,制裁,,,,eu_sanctions_map,2026-06-19
Ultran Electronic Components LLC,法人,,制裁,,,,eu_sanctions_map,2026-06-19
"Tactical Missile Corporation, Joint Stock Company GosNIIMash",法人,,制裁,,,,eu_sanctions_map,2026-06-19
Joint Stock Company Zlatoustovsky Machine Building Plant (JSC Zlatmash),法人,,制裁,,,,eu_sanctions_map,2026-06-19
OOO “UNITEK”,法人,,制裁,,,,eu_sanctions_map,2026-06-19
Vesna,船只,EU-MARE,制裁,,,,eu_sanctions_map,2026-06-19
Lorena Grand,船只,EU-MARE,制裁,,,,eu_sanctions_map,2026-06-19
RYAZAN,船只,EU-MARE,制裁,,,,eu_sanctions_map,2026-06-19
JEWEL,船只,EU-MARE,制裁,,,,eu_sanctions_map,2026-06-19
Joint Stock Company Khabarovsk Shipbuilding Yard,法人,,制裁,,,,eu_sanctions_map,2026-06-19
MARINSTRAUM,船只,EU-MARE,制裁,,,,eu_sanctions_map,2026-06-19
Sirius,船只,EU-MARE,制裁,,,,eu_sanctions_map,2026-06-19
Grant Instrument,法人,,制裁,,,,eu_sanctions_map,2026-06-19
ZAL PARS 3,船只,EU-MARE,制裁,,,,eu_sanctions_map,2026-06-19
ELODIE I,船只,EU-MARE,制裁,,,,eu_sanctions_map,2026-06-19
MIKHAIL LAZAREV,船只,EU-MARE,制裁,,,,eu_sanctions_map,2026-06-19
Joint Stock Company Radiopribor,法人,,制裁,,,,eu_sanctions_map,2026-06-19
Galian 2,船只,EU-MARE,制裁,,,,eu_sanctions_map,2026-06-19
Bank Dabrabyt,法人,EU-BLR,制裁,,,,eu_sanctions_map,2026-06-19
Promsvyazbank,法人,,制裁,,,,eu_sanctions_map,2026-06-19
FIRN,船只,EU-MARE,制裁,,,,eu_sanctions_map,2026-06-19
CAROLINE BEZENGI,船只,EU-MARE,制裁,,,,eu_sanctions_map,2026-06-19
Eminent,船只,EU-MARE,制裁,,,,eu_sanctions_map,2026-06-19
Yaroslavl Shipbuilding Factory,法人,,制裁,,,,eu_sanctions_map,2026-06-19
LLC Alabuga Development,法人,,制裁,,,,eu_sanctions_map,2026-06-19
Vayu 1,船只,EU-MARE,制裁,,,,eu_sanctions_map,2026-06-19
SPARTA,船只,EU-MARE,制裁,,,,eu_sanctions_map,2026-06-19
Lahar,船只,EU-MARE,制裁,,,,eu_sanctions_map,2026-06-19
NPO Splav JSC,法人,,制裁,,,,eu_sanctions_map,2026-06-19
Lyulki Science and Technology Center,法人,,制裁,,,,eu_sanctions_map,2026-06-19
Ascendant,船只,EU-MARE,制裁,,,,eu_sanctions_map,2026-06-19
Federal Research Center Boreskov Institute of Catalysis,法人,,制裁,,,,eu_sanctions_map,2026-06-19
Skolkovo Foundation,法人,,制裁,,,,eu_sanctions_map,2026-06-19
ZAO Elmiks-VS,法人,,制裁,,,,eu_sanctions_map,2026-06-19
Joint Stock Company Zhiguli Radio Plant,法人,,制裁,,,,eu_sanctions_map,2026-06-19
Eastern Pearl,船只,EU-MARE,制裁,,,,eu_sanctions_map,2026-06-19
Deyna,船只,EU-MARE,制裁,,,,eu_sanctions_map,2026-06-19
Shvabe JSC,法人,,制裁,,,,eu_sanctions_map,2026-06-19
SAM JONG 1,船只,EU-PRK,制裁,,,,eu_sanctions_map,2026-06-19
ZAO Svyaz Inzhiniring,法人,,制裁,,,,eu_sanctions_map,2026-06-19
Minerva M,船只,EU-MARE,制裁,,,,eu_sanctions_map,2026-06-19
Joint Stock Company Ulyanovsk Cartridge Works,法人,,制裁,,,,eu_sanctions_map,2026-06-19
Leo,船只,EU-MARE,制裁,,,,eu_sanctions_map,2026-06-19
Joint Stock Company Experimental-Design Bureau Elektroavtomatika in the name of P.A. Efimov,法人,,制裁,,,,eu_sanctions_map,2026-06-19
TOA PAYOH,船只,EU-MARE,制裁,,,,eu_sanctions_map,2026-06-19
AQUILLA II,船只,EU-MARE,制裁,,,,eu_sanctions_map,2026-06-19
Serenade (formerly NS Stream),船只,EU-MARE,制裁,,,,eu_sanctions_map,2026-06-19
Altair,船只,EU-MARE,制裁,,,,eu_sanctions_map,2026-06-19
Mercury,船只,EU-MARE,制裁,,,,eu_sanctions_map,2026-06-19
"Tactical Missile Company, Joint-Stock Company “Research Center for Automated Design”",法人,,制裁,,,,eu_sanctions_map,2026-06-19
YU PHYONG 5,船只,EU-PRK,制裁,,,,eu_sanctions_map,2026-06-19
Surya,船只,EU-MARE,制裁,,,,eu_sanctions_map,2026-06-19
Federal State Budgetary Institution of Science P.I. K.A. Valiev RAS of the Ministry of Science and Higher Education of Russia (FTIAN),法人,,制裁,,,,eu_sanctions_map,2026-06-19
Andaman Skies,船只,EU-MARE,制裁,,,,eu_sanctions_map,2026-06-19
GLOBAL STAR,船只,EU-MARE,制裁,,,,eu_sanctions_map,2026-06-19
VERSA,船只,EU-MARE,制裁,,,,eu_sanctions_map,2026-06-19
WOORY STAR,船只,EU-PRK,制裁,,,,eu_sanctions_map,2026-06-19
Onyx,船只,EU-MARE,制裁,,,,eu_sanctions_map,2026-06-19
Caria Ka,船只,EU-MARE,制裁,,,,eu_sanctions_map,2026-06-19
Rangler,船只,EU-MARE,制裁,,,,eu_sanctions_map,2026-06-19
ATMOS,船只,EU-MARE,制裁,,,,eu_sanctions_map,2026-06-19
Akhty,船只,EU-MARE,制裁,,,,eu_sanctions_map,2026-06-19
Crius,船只,EU-MARE,制裁,,,,eu_sanctions_map,2026-06-19
Public Joint Stock Company Moscow Institute of Electro-Mechanics and Automation,法人,,制裁,,,,eu_sanctions_map,2026-06-19
JIN HYE,船只,EU-PRK,制裁,,,,eu_sanctions_map,2026-06-19
Kami Group LLC,法人,,制裁,,,,eu_sanctions_map,2026-06-19
Rigel,船只,EU-MARE,制裁,,,,eu_sanctions_map,2026-06-19
Ostrov Russkiy,船只,EU-MARE,制裁,,,,eu_sanctions_map,2026-06-19
Krasnaya Zvezda / Tvzvezda,法人,,制裁,,,,eu_sanctions_map,2026-06-19
MIKHAIL NENASHEV,船只,EU-MARE,制裁,,,,eu_sanctions_map,2026-06-19
Koltsovo International Airport,法人,,制裁,,,,eu_sanctions_map,2026-06-19
Yuri Senkevich,船只,EU-MARE,制裁,,,,eu_sanctions_map,2026-06-19
LEVEL,船只,EU-MARE,制裁,,,,eu_sanctions_map,2026-06-19
"SPA Pribor Named After S.S. Golembiovsky, SC",法人,,制裁,,,,eu_sanctions_map,2026-06-19
Federal State Institution Federal Scientific Center Scientific Research Institute for System Analysis of the Russian Academy of Sciences,法人,,制裁,,,,eu_sanctions_map,2026-06-19
"SPE “Krasnoznamenets”, JSC",法人,,制裁,,,,eu_sanctions_map,2026-06-19
Machine Building Group Limited Liability Company,法人,,制裁,,,,eu_sanctions_map,2026-06-19
KAYSERI,船只,EU-MARE,制裁,,,,eu_sanctions_map,2026-06-19
"Tactical Missile Corporation, Joint Stock Company Elektrotyaga",法人,,制裁,,,,eu_sanctions_map,2026-06-19
Spark TT,法人,,制裁,,,,eu_sanctions_map,2026-06-19
Prosperity (formerly NS Pride),船只,EU-MARE,制裁,,,,eu_sanctions_map,2026-06-19
"Tactical Missile Company, Joint Stock Company Saratov Radio Instrument Plant",法人,,制裁,,,,eu_sanctions_map,2026-06-19
SHANGRI LA,船只,EU-MARE,制裁,,,,eu_sanctions_map,2026-06-19
LADY SEVDA,船只,EU-MARE,制裁,,,,eu_sanctions_map,2026-06-19
Federal Technical Regulation and Metrology Agency (Rosstandart),法人,,制裁,,,,eu_sanctions_map,2026-06-19
LLC Center,法人,,制裁,,,,eu_sanctions_map,2026-06-19
Pskov International Airport,法人,,制裁,,,,eu_sanctions_map,2026-06-19
OPHELIA,船只,EU-MARE,制裁,,,,eu_sanctions_map,2026-06-19
Facca,船只,EU-MARE,制裁,,,,eu_sanctions_map,2026-06-19
Joint Stock Company Machine Building Company Vityaz,法人,,制裁,,,,eu_sanctions_map,2026-06-19
Vladimir Monomakh,船只,EU-MARE,制裁,,,,eu_sanctions_map,2026-06-19
Public Joint Stock Company Agregat (PJSC Agregat),法人,,制裁,,,,eu_sanctions_map,2026-06-19
PRS Ocean,船只,EU-MARE,制裁,,,,eu_sanctions_map,2026-06-19
PLAZ,法人,,制裁,,,,eu_sanctions_map,2026-06-19
Sikar,船只,EU-MARE,制裁,,,,eu_sanctions_map,2026-06-19
MAVERICK,船只,EU-MARE,制裁,,,,eu_sanctions_map,2026-06-19
Np Dudinka,船只,EU-MARE,制裁,,,,eu_sanctions_map,2026-06-19
Nudelman Precision Engineering Design Bureau,法人,,制裁,,,,eu_sanctions_map,2026-06-19
Constellation,船只,EU-MARE,制裁,,,,eu_sanctions_map,2026-06-19
AO Aviaagregat,法人,,制裁,,,,eu_sanctions_map,2026-06-19
"Innovative Underwater Technologies, LLC",法人,,制裁,,,,eu_sanctions_map,2026-06-19
Sapphire (formerly NS Silver),船只,EU-MARE,制裁,,,,eu_sanctions_map,2026-06-19
YU SON,船只,EU-PRK,制裁,,,,eu_sanctions_map,2026-06-19
ANTARKTIKA,船只,EU-MARE,制裁,,,,eu_sanctions_map,2026-06-19
Federal State Unitary Enterprise Rostov-On-Don Research Institute of Radio Communications,法人,,制裁,,,,eu_sanctions_map,2026-06-19
Ulyanovsk Mechanical Plant,法人,,制裁,,,,eu_sanctions_map,2026-06-19
Oilstar,船只,EU-MARE,制裁,,,,eu_sanctions_map,2026-06-19
AETHER,船只,EU-MARE,制裁,,,,eu_sanctions_map,2026-06-19
"Tactical Missile Company, Joint Stock Company “State Machine Building Design Bureau ‘Vympel’ By Name I.I.Toropov”",法人,,制裁,,,,eu_sanctions_map,2026-06-19
Metagas Everest,船只,EU-MARE,制裁,,,,eu_sanctions_map,2026-06-19
Makalu,船只,EU-MARE,制裁,,,,eu_sanctions_map,2026-06-19
United Shipbuilding Corporation JSC “35th Shipyard”,法人,,制裁,,,,eu_sanctions_map,2026-06-19
Capella,船只,EU-MARE,制裁,,,,eu_sanctions_map,2026-06-19
Asher,船只,EU-MARE,制裁,,,,eu_sanctions_map,2026-06-19
Belagroprombank,法人,EU-BLR,制裁,,,,eu_sanctions_map,2026-06-19
Eagle S,船只,EU-MARE,制裁,,,,eu_sanctions_map,2026-06-19
Arno Babajanyan,船只,EU-MARE,制裁,,,,eu_sanctions_map,2026-06-19
Rostekh – Azimuth,法人,,制裁,,,,eu_sanctions_map,2026-06-19
Triumph,船只,EU-MARE,制裁,,,,eu_sanctions_map,2026-06-19
Georgy Maslov,船只,,制裁,,,,eu_sanctions_map,2026-06-19
RIA Novosti,法人,,制裁,,,,eu_sanctions_map,2026-06-19
Tupolev JSC,法人,,制裁,,,,eu_sanctions_map,2026-06-19
Zaliv Baikal,船只,EU-MARE,制裁,,,,eu_sanctions_map,2026-06-19
Feliks,船只,EU-MARE,制裁,,,,eu_sanctions_map,2026-06-19
Lunar Tide (formerly Beks Aqua),船只,EU-MARE,制裁,,,,eu_sanctions_map,2026-06-19
KRITI VIGOR,船只,EU-MARE,制裁,,,,eu_sanctions_map,2026-06-19
OOO Alabuga Volokno,法人,,制裁,,,,eu_sanctions_map,2026-06-19
VTK Ltd,法人,,制裁,,,,eu_sanctions_map,2026-06-19
ELBUS,船只,EU-MARE,制裁,,,,eu_sanctions_map,2026-06-19
Vega Pilot Plant,法人,,制裁,,,,eu_sanctions_map,2026-06-19
Scientific-Research Institute and Factory Platan,法人,,制裁,,,,eu_sanctions_map,2026-06-19
Russian Aircraft Corporation MiG,法人,,制裁,,,,eu_sanctions_map,2026-06-19
Joint Stock Company Concern Avtomatika,法人,,制裁,,,,eu_sanctions_map,2026-06-19
MARVEN,船只,EU-MARE,制裁,,,,eu_sanctions_map,2026-06-19
Huihai Atlantic,船只,EU-MARE,制裁,,,,eu_sanctions_map,2026-06-19
Sun,船只,EU-MARE,制裁,,,,eu_sanctions_map,2026-06-19
Joint Stock Company Scientific Research Institute of Precision Mechanical Engineering,法人,,制裁,,,,eu_sanctions_map,2026-06-19
"Federal State Unitary Enterprise All-Russian Research Institute of Physical, Technical and Radio Engineering Measurements (VNIIFTRI)",法人,,制裁,,,,eu_sanctions_map,2026-06-19
Joint Stock Company Special Design Bureau Turbina,法人,,制裁,,,,eu_sanctions_map,2026-06-19
Public Joint Stock Company Vympel Interstate Corporation,法人,,制裁,,,,eu_sanctions_map,2026-06-19
Kaliningrad,船只,EU-MARE,制裁,,,,eu_sanctions_map,2026-06-19
Scientific Research Institute of Applied Chemistry,法人,,制裁,,,,eu_sanctions_map,2026-06-19
BOLU,船只,EU-MARE,制裁,,,,eu_sanctions_map,2026-06-19
Ru Yi,船只,EU-MARE,制裁,,,,eu_sanctions_map,2026-06-19
Anatoly Kolodkin,船只,EU-MARE,制裁,,,,eu_sanctions_map,2026-06-19
Tong Yuan,船只,EU-MARE,制裁,,,,eu_sanctions_map,2026-06-19
Sauri,船只,EU-MARE,制裁,,,,eu_sanctions_map,2026-06-19
KUM UN SAN 3,船只,EU-PRK,制裁,,,,eu_sanctions_map,2026-06-19
Joint Stock Company Flight Research Institute N.A. M.M. Gromov (FRI Gromov),法人,,制裁,,,,eu_sanctions_map,2026-06-19
National Reserve Bank,法人,,制裁,,,,eu_sanctions_map,2026-06-19
MELITO CARRIER,船只,EU-MARE,制裁,,,,eu_sanctions_map,2026-06-19
Design and Manufacturing of Aircraft Engines (DAMA),法人,,制裁,,,,eu_sanctions_map,2026-06-19
Volgoneft 251,船只,EU-MARE,制裁,,,,eu_sanctions_map,2026-06-19
Rosatomflot,法人,,制裁,,,,eu_sanctions_map,2026-06-19
OOO Sertal,法人,,制裁,,,,eu_sanctions_map,2026-06-19
The Institute of Solid-State Physics of the Russian Academy of Sciences (ISSP),法人,,制裁,,,,eu_sanctions_map,2026-06-19
Promtekhnologiya Limited Liability Company,法人,,制裁,,,,eu_sanctions_map,2026-06-19
Radiopriborsnab LLC,法人,,制裁,,,,eu_sanctions_map,2026-06-19
TM HAI HA 568,船只,EU-MARE,制裁,,,,eu_sanctions_map,2026-06-19
Joint Stock Company Scientific Research Institute of Electrical Carbon Products,法人,,制裁,,,,eu_sanctions_map,2026-06-19
Enigma,船只,EU-MARE,制裁,,,,eu_sanctions_map,2026-06-19
Elara,法人,,制裁,,,,eu_sanctions_map,2026-06-19
JUPITER I,船只,EU-MARE,制裁,,,,eu_sanctions_map,2026-06-19
NPO Electronic Systems,法人,,制裁,,,,eu_sanctions_map,2026-06-19
Public Joint Stock Company United Aircraft Corporation,法人,,制裁,,,,eu_sanctions_map,2026-06-19
AO SET-1,法人,,制裁,,,,eu_sanctions_map,2026-06-19
JSC Shipyard Zaliv (Zaliv Shipbuilding yard),法人,,制裁,,,,eu_sanctions_map,2026-06-19
Buddha,船只,EU-MARE,制裁,,,,eu_sanctions_map,2026-06-19
YUK TUNG,船只,EU-PRK,制裁,,,,eu_sanctions_map,2026-06-19
"RATEP, JSC",法人,,制裁,,,,eu_sanctions_map,2026-06-19
XIN GUANG HAI,船只,EU-PRK,制裁,,,,eu_sanctions_map,2026-06-19
SOVCOMFLOT,法人,,制裁,,,,eu_sanctions_map,2026-06-19
Tomsk Microwave and Photonic Integrated Circuits and Modules Collective Design Center,法人,,制裁,,,,eu_sanctions_map,2026-06-19
"Ak Bars Shipbuilding Corporation, CJSC",法人,,制裁,,,,eu_sanctions_map,2026-06-19
Nagarjuna,船只,EU-MARE,制裁,,,,eu_sanctions_map,2026-06-19
Indras,船只,EU-MARE,制裁,,,,eu_sanctions_map,2026-06-19
JUPITER,船只,EU-MARE,制裁,,,,eu_sanctions_map,2026-06-19
Joint Stock Company Remdizel,法人,,制裁,,,,eu_sanctions_map,2026-06-19
Roseximbank,法人,,制裁,,,,eu_sanctions_map,2026-06-19
Joint Stock Company Scientific Technical Institute Radiosvyaz,法人,,制裁,,,,eu_sanctions_map,2026-06-19
Inteltech PJSC,法人,,制裁,,,,eu_sanctions_map,2026-06-19
Joint Stock Company 150 Aircraft Repair Plant,法人,,制裁,,,,eu_sanctions_map,2026-06-19
Sirius I,船只,EU-MARE,制裁,,,,eu_sanctions_map,2026-06-19
TOO Elem Group,法人,,制裁,,,,eu_sanctions_map,2026-06-19
Carcharodon,船只,EU-MARE,制裁,,,,eu_sanctions_map,2026-06-19
Federal Autonomous Institution Central Institute of Engine-Building N.A. P.I. Baranov; Central Institute of Aviation Motors (CIAM),法人,,制裁,,,,eu_sanctions_map,2026-06-19
Nova Energy,船只,EU-MARE,制裁,,,,eu_sanctions_map,2026-06-19
KATY,船只,EU-MARE,制裁,,,,eu_sanctions_map,2026-06-19
State Flight Testing Center Named After V.P. Chkalov,法人,,制裁,,,,eu_sanctions_map,2026-06-19
All-Russian Research Institute of Optical and Physical Measurements,法人,,制裁,,,,eu_sanctions_map,2026-06-19
UEC-Saturn,法人,,制裁,,,,eu_sanctions_map,2026-06-19
Ocean 28,船只,EU-MARE,制裁,,,,eu_sanctions_map,2026-06-19
DORRY,船只,EU-MARE,制裁,,,,eu_sanctions_map,2026-06-19
SOFIA,船只,EU-MARE,制裁,,,,eu_sanctions_map,2026-06-19
NTV/NTV Mir,法人,,制裁,,,,eu_sanctions_map,2026-06-19
Cranha DANFÁ,个人,EU-GNB,制裁,,,,eu_sanctions_map,2026-06-19
Vladimir Vinogradov,船只,EU-MARE,制裁,,,,eu_sanctions_map,2026-06-19
Open Joint Stock Company 20 Aviation Repair Plant (20 ARZ),法人,,制裁,,,,eu_sanctions_map,2026-06-19
Elitan Trade LLC,法人,,制裁,,,,eu_sanctions_map,2026-06-19
Scientific-Research Institute of Electronics,法人,,制裁,,,,eu_sanctions_map,2026-06-19
Silvera,船只,EU-MARE,制裁,,,,eu_sanctions_map,2026-06-19
Tango,船只,EU-MARE,制裁,,,,eu_sanctions_map,2026-06-19
Federal State Unitary Enterprise “State Scientific-Research Institute for Aviation Systems” (GosNIIAS),法人,,制裁,,,,eu_sanctions_map,2026-06-19
Premier,船只,EU-MARE,制裁,,,,eu_sanctions_map,2026-06-19
Public Joint Stock Company Tutaev Motor Plant,法人,,制裁,,,,eu_sanctions_map,2026-06-19
A-CONTRAKT,法人,,制裁,,,,eu_sanctions_map,2026-06-19
Russian Space Systems,法人,,制裁,,,,eu_sanctions_map,2026-06-19
Alpha Trading Investments Limited,法人,,制裁,,,,eu_sanctions_map,2026-06-19
IC Specpostavka,法人,,制裁,,,,eu_sanctions_map,2026-06-19
Videoglaz Project,法人,,制裁,,,,eu_sanctions_map,2026-06-19
Vault,船只,EU-MARE,制裁,,,,eu_sanctions_map,2026-06-19
"Zelenodolsk Design Bureau, JSC",法人,,制裁,,,,eu_sanctions_map,2026-06-19
Mvizion LLC,法人,,制裁,,,,eu_sanctions_map,2026-06-19
Ocean Chips,法人,,制裁,,,,eu_sanctions_map,2026-06-19
Tendua,船只,EU-MARE,制裁,,,,eu_sanctions_map,2026-06-19
HANSON,船只,EU-MARE,制裁,,,,eu_sanctions_map,2026-06-19
Shturman Albanov,船只,EU-MARE,制裁,,,,eu_sanctions_map,2026-06-19
Ocean AMZ,船只,EU-MARE,制裁,,,,eu_sanctions_map,2026-06-19
Joint Stock Company Scientific Production Enterprise Digital Solutions,法人,,制裁,,,,eu_sanctions_map,2026-06-19
Scientific-Production Enterprise “Svyaz”,法人,,制裁,,,,eu_sanctions_map,2026-06-19
Fast Kathy,船只,EU-MARE,制裁,,,,eu_sanctions_map,2026-06-19
Trend,船只,EU-MARE,制裁,,,,eu_sanctions_map,2026-06-19
Novator DB,法人,,制裁,,,,eu_sanctions_map,2026-06-19
C VIKING,船只,EU-MARE,制裁,,,,eu_sanctions_map,2026-06-19
Joint Stock Company Scientific Research Institute of Gas Discharge Devices Plasma,法人,,制裁,,,,eu_sanctions_map,2026-06-19
United Shipbuilding Corporation “Sredne-Nevsky Shipyard”,法人,,制裁,,,,eu_sanctions_map,2026-06-19
Emily S,船只,EU-MARE,制裁,,,,eu_sanctions_map,2026-06-19
Asia Pacific Links Ltd.,法人,,制裁,,,,eu_sanctions_map,2026-06-19
RUSSIAN REGIONAL DEVELOPMENT BANK,法人,,制裁,,,,eu_sanctions_map,2026-06-19
Thorin,船只,EU-MARE,制裁,,,,eu_sanctions_map,2026-06-19
Izola,船只,EU-MARE,制裁,,,,eu_sanctions_map,2026-06-19
Siri,船只,EU-MARE,制裁,,,,eu_sanctions_map,2026-06-19
Hulda,船只,EU-MARE,制裁,,,,eu_sanctions_map,2026-06-19
Public Joint Stock Company Proletarsky Plant,法人,,制裁,,,,eu_sanctions_map,2026-06-19
Cetus,船只,EU-MARE,制裁,,,,eu_sanctions_map,2026-06-19
Alliance,船只,EU-MARE,制裁,,,,eu_sanctions_map,2026-06-19
AUGA,船只,EU-MARE,制裁,,,,eu_sanctions_map,2026-06-19
Achilles,船只,EU-MARE,制裁,,,,eu_sanctions_map,2026-06-19
ONEGA,船只,EU-MARE,制裁,,,,eu_sanctions_map,2026-06-19
"Rostov optical and mechanical plant, PJSC",法人,,制裁,,,,eu_sanctions_map,2026-06-19
N Cerna (formerly Canis Power),船只,EU-MARE,制裁,,,,eu_sanctions_map,2026-06-19
Lev Anatolyevich Yershov (Ershov),法人,,制裁,,,,eu_sanctions_map,2026-06-19
"Thai IT Hardware Co., Ltd",法人,,制裁,,,,eu_sanctions_map,2026-06-19
Elephant,船只,EU-MARE,制裁,,,,eu_sanctions_map,2026-06-19
Technical Center Windeq LLC,法人,,制裁,,,,eu_sanctions_map,2026-06-19
Team,船只,EU-MARE,制裁,,,,eu_sanctions_map,2026-06-19
Pravasi,船只,EU-MARE,制裁,,,,eu_sanctions_map,2026-06-19
Kotlas,船只,EU-MARE,制裁,,,,eu_sanctions_map,2026-06-19
Kupava,船只,EU-MARE,制裁,,,,eu_sanctions_map,2026-06-19
Arabesca,船只,EU-MARE,制裁,,,,eu_sanctions_map,2026-06-19
IVAN AIVAZOVSKY,船只,EU-MARE,制裁,,,,eu_sanctions_map,2026-06-19
Soul,船只,EU-MARE,制裁,,,,eu_sanctions_map,2026-06-19
Lotus (formerly Himalayan),船只,EU-MARE,制裁,,,,eu_sanctions_map,2026-06-19
Bank Rossiya,法人,,制裁,,,,eu_sanctions_map,2026-06-19
Niblo,船只,EU-MARE,制裁,,,,eu_sanctions_map,2026-06-19
Voentelecom JSC,法人,,制裁,,,,eu_sanctions_map,2026-06-19
OPK Oboronprom,法人,,制裁,,,,eu_sanctions_map,2026-06-19
Sovcombank,法人,,制裁,,,,eu_sanctions_map,2026-06-19
LING HONG,船只,EU-MARE,制裁,,,,eu_sanctions_map,2026-06-19
Marlin,船只,EU-MARE,制裁,,,,eu_sanctions_map,2026-06-19
SAM JONG 2,船只,EU-PRK,制裁,,,,eu_sanctions_map,2026-06-19
Crocus Nano Electronics,法人,,制裁,,,,eu_sanctions_map,2026-06-19
Spring,船只,EU-MARE,制裁,,,,eu_sanctions_map,2026-06-19
Monte I,船只,EU-MARE,制裁,,,,eu_sanctions_map,2026-06-19
PEGASUS,船只,EU-MARE,制裁,,,,eu_sanctions_map,2026-06-19
Danshui,船只,EU-MARE,制裁,,,,eu_sanctions_map,2026-06-19
Indri,船只,EU-MARE,制裁,,,,eu_sanctions_map,2026-06-19
Pacific 01,船只,EU-MARE,制裁,,,,eu_sanctions_map,2026-06-19
Cai Yun,船只,EU-MARE,制裁,,,,eu_sanctions_map,2026-06-19
All-Russian Research Institute of Radio Engineering,法人,,制裁,,,,eu_sanctions_map,2026-06-19
Black Sea Eagle,船只,EU-MARE,制裁,,,,eu_sanctions_map,2026-06-19
KURDOS III,船只,EU-MARE,制裁,,,,eu_sanctions_map,2026-06-19
Irkutsk Aviation Plant,法人,,制裁,,,,eu_sanctions_map,2026-06-19
Alissa,船只,EU-MARE,制裁,,,,eu_sanctions_map,2026-06-19
Baikal Electronics,法人,,制裁,,,,eu_sanctions_map,2026-06-19
PJSC “I.S. Brook” INEUM,法人,,制裁,,,,eu_sanctions_map,2026-06-19
Proxima,船只,EU-MARE,制裁,,,,eu_sanctions_map,2026-06-19
Islamic Revolutionary Guard Corps Research and Self-Sufficiency Jihad Organization (IRGC SSJO),法人,,制裁,,,,eu_sanctions_map,2026-06-19
Katiuska,船只,EU-MARE,制裁,,,,eu_sanctions_map,2026-06-19
BREEZ,船只,EU-MARE,制裁,,,,eu_sanctions_map,2026-06-19
STAR MM,船只,EU-MARE,制裁,,,,eu_sanctions_map,2026-06-19
LUNA LUSTER,船只,EU-MARE,制裁,,,,eu_sanctions_map,2026-06-19
Viktor Bakaev,船只,EU-MARE,制裁,,,,eu_sanctions_map,2026-06-19
"Tactical Missile Company, Petrovsky Electromechanical Plant “Molot”",法人,,制裁,,,,eu_sanctions_map,2026-06-19
NP DIKSON,船只,EU-MARE,制裁,,,,eu_sanctions_map,2026-06-19
United Shipbuilding Corporation JSC “Baltic Shipbuilding Factory”,法人,,制裁,,,,eu_sanctions_map,2026-06-19
ZAID,船只,EU-MARE,制裁,,,,eu_sanctions_map,2026-06-19
"Aerospace Equipment Corporation, JSC",法人,,制裁,,,,eu_sanctions_map,2026-06-19
Zenith,船只,EU-MARE,制裁,,,,eu_sanctions_map,2026-06-19
Next,船只,EU-MARE,制裁,,,,eu_sanctions_map,2026-06-19
Federal State Budgetary Enterprise Special Flight Unit Rossiya of the Administration of the President of Russia,法人,,制裁,,,,eu_sanctions_map,2026-06-19
San Damian,船只,EU-MARE,制裁,,,,eu_sanctions_map,2026-06-19
Okean,船只,EU-MARE,制裁,,,,eu_sanctions_map,2026-06-19
Joint Stock Company Design Center Soyuz,法人,,制裁,,,,eu_sanctions_map,2026-06-19
NPO Elektromechaniki JSC,法人,,制裁,,,,eu_sanctions_map,2026-06-19
SIG,船只,EU-MARE,制裁,,,,eu_sanctions_map,2026-06-19
Voyager,船只,EU-MARE,制裁,,,,eu_sanctions_map,2026-06-19
Subsidiary Sevastopol Naval Plant of Zvezdochka Shipyard (Sevastopol Naval Plant),法人,,制裁,,,,eu_sanctions_map,2026-06-19
Razryad JSC,法人,,制裁,,,,eu_sanctions_map,2026-06-19
Kranark LLC,法人,,制裁,,,,eu_sanctions_map,2026-06-19
Sezar,船只,EU-MARE,制裁,,,,eu_sanctions_map,2026-06-19
Monarch I,船只,EU-MARE,制裁,,,,eu_sanctions_map,2026-06-19
Kiwala,船只,EU-MARE,制裁,,,,eu_sanctions_map,2026-06-19
YAZ,船只,EU-MARE,制裁,,,,eu_sanctions_map,2026-06-19
NS Spirit,船只,EU-MARE,制裁,,,,eu_sanctions_map,2026-06-19
Moscow Institute of Physics and Technology,法人,,制裁,,,,eu_sanctions_map,2026-06-19
Saturn I,船只,EU-MARE,制裁,,,,eu_sanctions_map,2026-06-19
Saam FSU,船只,EU-MARE,制裁,,,,eu_sanctions_map,2026-06-19
Kemerovo,船只,EU-MARE,制裁,,,,eu_sanctions_map,2026-06-19
Joint Stock Company 218 Aviation Repair Plant (218 ARZ),法人,,制裁,,,,eu_sanctions_map,2026-06-19
Bodhi (formerly Robon),船只,EU-MARE,制裁,,,,eu_sanctions_map,2026-06-19
Electronic Computing and Information Systems,法人,,制裁,,,,eu_sanctions_map,2026-06-19
Abdulqader Mohammed AL-BAGHDADI,个人,EU-LBY,制裁,,,,eu_sanctions_map,2026-06-19
STANISLAV GOVORUKHIN,船只,EU-MARE,制裁,,,,eu_sanctions_map,2026-06-19
OrelMetallPolimer LLC,法人,,制裁,,,,eu_sanctions_map,2026-06-19
LADY RANIA,船只,EU-MARE,制裁,,,,eu_sanctions_map,2026-06-19
Alfakomponent LLC,法人,,制裁,,,,eu_sanctions_map,2026-06-19
CHON MYONG 1,船只,EU-PRK,制裁,,,,eu_sanctions_map,2026-06-19
Seabass,船只,EU-MARE,制裁,,,,eu_sanctions_map,2026-06-19
Gurudev,船只,EU-MARE,制裁,,,,eu_sanctions_map,2026-06-19
Open Joint Stock Company 720 Special Flight Support Equipment Repair Plant (720 RZ SOP),法人,,制裁,,,,eu_sanctions_map,2026-06-19
Sukhoi Aviation JSC,法人,,制裁,,,,eu_sanctions_map,2026-06-19
SIREN II,船只,EU-MARE,制裁,,,,eu_sanctions_map,2026-06-19
LLC NeoTech,法人,,制裁,,,,eu_sanctions_map,2026-06-19
Mariel,船只,EU-MARE,制裁,,,,eu_sanctions_map,2026-06-19
Scientific-Production Enterprise “Kant”,法人,,制裁,,,,eu_sanctions_map,2026-06-19
Benedict (formerly Junia),船只,EU-MARE,制裁,,,,eu_sanctions_map,2026-06-19
OAO Radiofizika,法人,,制裁,,,,eu_sanctions_map,2026-06-19
Euro Asia Cargo (Private) Ltd.,法人,,制裁,,,,eu_sanctions_map,2026-06-19
"Tactical Missile Company, Joint Stock Company Ravenstvo-service",法人,,制裁,,,,eu_sanctions_map,2026-06-19
V.A. Trapeznikov Institute of Control Sciences of Russian Academy of Sciences,法人,,制裁,,,,eu_sanctions_map,2026-06-19
Joint Stock Company Scientific Research Institute of Electronic Engineering Materials,法人,,制裁,,,,eu_sanctions_map,2026-06-19
ZAO Promelektronika,法人,,制裁,,,,eu_sanctions_map,2026-06-19
International Center for Quantum Optics and Quantum Technologies (the Russian Quantum Center),法人,,制裁,,,,eu_sanctions_map,2026-06-19
NIKOLAY ANISHCHENKOV,船只,EU-MARE,制裁,,,,eu_sanctions_map,2026-06-19
Seasons I,船只,EU-MARE,制裁,,,,eu_sanctions_map,2026-06-19
Public Joint Stock Company Kurganmashzavod,法人,,制裁,,,,eu_sanctions_map,2026-06-19
BLOSSOM,船只,EU-MARE,制裁,,,,eu_sanctions_map,2026-06-19
AviatestAero,法人,,制裁,,,,eu_sanctions_map,2026-06-19
IRON WAVE,船只,EU-MARE,制裁,,,,eu_sanctions_map,2026-06-19
Saint,船只,EU-MARE,制裁,,,,eu_sanctions_map,2026-06-19
VMK Limited Liability Company,法人,,制裁,,,,eu_sanctions_map,2026-06-19
Limited Liability Company RSBGroup,法人,,制裁,,,,eu_sanctions_map,2026-06-19
Ryazan Radio-Plant,法人,,制裁,,,,eu_sanctions_map,2026-06-19
KYLO,船只,EU-MARE,制裁,,,,eu_sanctions_map,2026-06-19
SANRAYZ,船只,EU-MARE,制裁,,,,eu_sanctions_map,2026-06-19
Zaliv Aniva,船只,EU-MARE,制裁,,,,eu_sanctions_map,2026-06-19
TRANQUIL SEA,船只,EU-MARE,制裁,,,,eu_sanctions_map,2026-06-19
"Automated Procurement System for State Defense Orders, LLC",法人,,制裁,,,,eu_sanctions_map,2026-06-19
Fiesta,船只,EU-MARE,制裁,,,,eu_sanctions_map,2026-06-19
Sberbank,法人,,制裁,,,,eu_sanctions_map,2026-06-19
"Tactical Missile Corporation, Concern “MPO – Gidropribor”",法人,,制裁,,,,eu_sanctions_map,2026-06-19
LLC CST (Zala Aero Group),法人,,制裁,,,,eu_sanctions_map,2026-06-19
Maisan,船只,EU-MARE,制裁,,,,eu_sanctions_map,2026-06-19
Perm Powder Plant,法人,,制裁,,,,eu_sanctions_map,2026-06-19
Pathfinder,船只,EU-MARE,制裁,,,,eu_sanctions_map,2026-06-19
NAM SAN 8,船只,EU-PRK,制裁,,,,eu_sanctions_map,2026-06-19
JSC ICC Milandr,法人,,制裁,,,,eu_sanctions_map,2026-06-19
Salute Gas Turbine Research and Production Center,法人,,制裁,,,,eu_sanctions_map,2026-06-19
RYE SONG GANG 1,船只,EU-PRK,制裁,,,,eu_sanctions_map,2026-06-19
Severnaya Verf Shipbuilding Factory,法人,,制裁,,,,eu_sanctions_map,2026-06-19
Closed Joint Stock Company Turborus (Turborus),法人,,制裁,,,,eu_sanctions_map,2026-06-19
Tsargrad,法人,,制裁,,,,eu_sanctions_map,2026-06-19
FENGHUANG,船只,EU-MARE,制裁,,,,eu_sanctions_map,2026-06-19
Dorin (formerly E Mei Shan),船只,EU-MARE,制裁,,,,eu_sanctions_map,2026-06-19
Joint Stock Company Design Technology Center Elektronika,法人,,制裁,,,,eu_sanctions_map,2026-06-19
Alfa Beta Creative LLC,法人,,制裁,,,,eu_sanctions_map,2026-06-19
Krishna 1,船只,EU-MARE,制裁,,,,eu_sanctions_map,2026-06-19
Lokosao,船只,EU-MARE,制裁,,,,eu_sanctions_map,2026-06-19
Agnes,船只,EU-MARE,制裁,,,,eu_sanctions_map,2026-06-19
VNESHECONOMBANK (VEB),法人,,制裁,,,,eu_sanctions_map,2026-06-19
Device Consulting,法人,,制裁,,,,eu_sanctions_map,2026-06-19
Scientific Production Association Izhevsk Unmanned Systems Limited Liability Company,法人,,制裁,,,,eu_sanctions_map,2026-06-19
BREEZE,船只,EU-MARE,制裁,,,,eu_sanctions_map,2026-06-19
SILVAR,船只,EU-MARE,制裁,,,,eu_sanctions_map,2026-06-19
Captain Kostichev,船只,EU-MARE,制裁,,,,eu_sanctions_map,2026-06-19
Bull,船只,EU-MARE,制裁,,,,eu_sanctions_map,2026-06-19
RT Arabic,法人,,制裁,,,,eu_sanctions_map,2026-06-19
BELA,船只,EU-MARE,制裁,,,,eu_sanctions_map,2026-06-19
Joint Stock Company “Head Special Design Bureau Prozhektor”,法人,,制裁,,,,eu_sanctions_map,2026-06-19
Joint Stock Company Vodtranspribor,法人,,制裁,,,,eu_sanctions_map,2026-06-19
Trade-Component LLC,法人,,制裁,,,,eu_sanctions_map,2026-06-19
Public Joint Stock Company Motovilikha Plants,法人,,制裁,,,,eu_sanctions_map,2026-06-19
NEVSKIY PROSPECT,船只,EU-MARE,制裁,,,,eu_sanctions_map,2026-06-19
Sergey Terskov,船只,EU-MARE,制裁,,,,eu_sanctions_map,2026-06-19
Open Joint Stock Company Mariyskiy Machine-Building Plant,法人,,制裁,,,,eu_sanctions_map,2026-06-19
Development Bank of the Republic of Belarus,法人,EU-BLR,制裁,,,,eu_sanctions_map,2026-06-19
Scientific-Production Enterprise Salyut JSC,法人,,制裁,,,,eu_sanctions_map,2026-06-19
Joint Stock Company Marine Instrument Engineering Corporation,法人,,制裁,,,,eu_sanctions_map,2026-06-19
North Air,船只,EU-MARE,制裁,,,,eu_sanctions_map,2026-06-19
Vanguard,船只,EU-MARE,制裁,,,,eu_sanctions_map,2026-06-19
Tochka Bank,法人,,制裁,,,,eu_sanctions_map,2026-06-19
Amur Shipbuilding Factory PJSC,法人,,制裁,,,,eu_sanctions_map,2026-06-19
Research Production Association Mars,法人,,制裁,,,,eu_sanctions_map,2026-06-19
LLS Mark,法人,,制裁,,,,eu_sanctions_map,2026-06-19
NPO High Precision Systems JSC,法人,,制裁,,,,eu_sanctions_map,2026-06-19
Merope,船只,EU-MARE,制裁,,,,eu_sanctions_map,2026-06-19
Evgeny Krayushin,法人,,制裁,,,,eu_sanctions_map,2026-06-19
Strategic Control Posts Corporation,法人,,制裁,,,,eu_sanctions_map,2026-06-19
Life,船只,,制裁,,,,eu_sanctions_map,2026-06-19
NEMRUT,船只,EU-MARE,制裁,,,,eu_sanctions_map,2026-06-19
Shturman Skuratov,船只,EU-MARE,制裁,,,,eu_sanctions_map,2026-06-19
"Concern Oceanpribor, JSC",法人,,制裁,,,,eu_sanctions_map,2026-06-19
Akademik Gubkin,船只,EU-MARE,制裁,,,,eu_sanctions_map,2026-06-19
Joint Stock Company Ryazan Plant of Metal Ceramic Instruments,法人,,制裁,,,,eu_sanctions_map,2026-06-19
I Jet Global DMCC,法人,,制裁,,,,eu_sanctions_map,2026-06-19
HASAN EAST,船只,EU-MARE,制裁,,,,eu_sanctions_map,2026-06-19
Deneb,船只,EU-MARE,制裁,,,,eu_sanctions_map,2026-06-19
Scientific-Production Enterprise Vostok JSC,法人,,制裁,,,,eu_sanctions_map,2026-06-19
Novorossiysk Commercial Sea Port,法人,,制裁,,,,eu_sanctions_map,2026-06-19
"Rzhanov Institute of Semiconductor Physics, Siberian Branch of Russian Academy of Sciences (IPP SB RAS)",法人,,制裁,,,,eu_sanctions_map,2026-06-19
Themis,船只,EU-MARE,制裁,,,,eu_sanctions_map,2026-06-19
OOO Planar,法人,,制裁,,,,eu_sanctions_map,2026-06-19
Ma Jin,船只,EU-MARE,制裁,,,,eu_sanctions_map,2026-06-19
North Way,船只,EU-MARE,制裁,,,,eu_sanctions_map,2026-06-19
GFK Logistics LLC,法人,,制裁,,,,eu_sanctions_map,2026-06-19
East Energy,船只,EU-MARE,制裁,,,,eu_sanctions_map,2026-06-19
SANAR-9,船只,EU-MARE,制裁,,,,eu_sanctions_map,2026-06-19
Marble,船只,EU-MARE,制裁,,,,eu_sanctions_map,2026-06-19
Sealion I,船只,EU-MARE,制裁,,,,eu_sanctions_map,2026-06-19
"Amirabad Port, Iran",法人,EU-IRN,制裁,,,,eu_sanctions_map,2026-06-19
"Tactical Missile Corporation, 711 Aircraft Repair Plant",法人,,制裁,,,,eu_sanctions_map,2026-06-19
Jacklyn,船只,EU-MARE,制裁,,,,eu_sanctions_map,2026-06-19
Starlit,船只,EU-MARE,制裁,,,,eu_sanctions_map,2026-06-19
TD Promelektronika LLC,法人,,制裁,,,,eu_sanctions_map,2026-06-19
Vladimir Design Bureau for Radio Communications OJSC,法人,,制裁,,,,eu_sanctions_map,2026-06-19
Mars 6,船只,EU-MARE,制裁,,,,eu_sanctions_map,2026-06-19
United Shipbuilding Corporation “Production Association Northern Machine Building Enterprise”,法人,,制裁,,,,eu_sanctions_map,2026-06-19
Joint Stock Company Machine-Building Engineering Office Fakel Named After Akademika P.D. Grushina,法人,,制裁,,,,eu_sanctions_map,2026-06-19
VXI-Systems Limited Liability Company,法人,,制裁,,,,eu_sanctions_map,2026-06-19
VF Tanker-3,船只,EU-MARE,制裁,,,,eu_sanctions_map,2026-06-19
Okeansky Prospect,船只,EU-MARE,制裁,,,,eu_sanctions_map,2026-06-19
Lytkarino Machine-Building Plant,法人,,制裁,,,,eu_sanctions_map,2026-06-19
Audax,船只,,制裁,,,,eu_sanctions_map,2026-06-19
Quartanus (formerly Morpheus,船只,EU-MARE,制裁,,,,eu_sanctions_map,2026-06-19
Open Joint Stock Company Khabarovsk Radio Engineering Plant,法人,,制裁,,,,eu_sanctions_map,2026-06-19
Sanar 18,船只,EU-MARE,制裁,,,,eu_sanctions_map,2026-06-19
Lenta,法人,,制裁,,,,eu_sanctions_map,2026-06-19
Scientific-Research Institute “Argon”,法人,,制裁,,,,eu_sanctions_map,2026-06-19
"Tactical Missile Company, Joint Stock Company “Plant Dagdiesel”",法人,,制裁,,,,eu_sanctions_map,2026-06-19
MATROS POZYNICH,船只,EU-MARE,制裁,,,,eu_sanctions_map,2026-06-19
OAO JSC Chemcomposite,法人,,制裁,,,,eu_sanctions_map,2026-06-19
Phasotron Scientific-Research Institute of Radio-Engineering,法人,,制裁,,,,eu_sanctions_map,2026-06-19
HITIT,船只,EU-MARE,制裁,,,,eu_sanctions_map,2026-06-19
Raven,船只,EU-MARE,制裁,,,,eu_sanctions_map,2026-06-19
Joint Stock Company All-Russian Research Institute Signal,法人,,制裁,,,,eu_sanctions_map,2026-06-19
RUNG RA 2,船只,EU-PRK,制裁,,,,eu_sanctions_map,2026-06-19
MT Konstantinovsk,船只,EU-MARE,制裁,,,,eu_sanctions_map,2026-06-19
SEA MAVERICK,船只,EU-MARE,制裁,,,,eu_sanctions_map,2026-06-19
Turbo Voyager,船只,EU-MARE,制裁,,,,eu_sanctions_map,2026-06-19
Scientific Production Center Vigstar JSC,法人,,制裁,,,,eu_sanctions_map,2026-06-19
SAMOS,船只,EU-MARE,制裁,,,,eu_sanctions_map,2026-06-19
Ocean Jupiter,船只,EU-MARE,制裁,,,,eu_sanctions_map,2026-06-19
Neer 1 (formerly Kapal Cantik),船只,EU-MARE,制裁,,,,eu_sanctions_map,2026-06-19
Joint Stock Company Moscow Machine-Building Enterprise Named After V.V. Chernyshev (MMP V.V. Chernyshev),法人,,制裁,,,,eu_sanctions_map,2026-06-19
Arlan,船只,EU-MARE,制裁,,,,eu_sanctions_map,2026-06-19
Joint Stock Company Scientific Research Engineering Institute,法人,,制裁,,,,eu_sanctions_map,2026-06-19
Freda,船只,EU-MARE,制裁,,,,eu_sanctions_map,2026-06-19
Ilyushin Aviation Complex Branch: Myasishcheva Experimental Mechanical Engineering Plant,法人,,制裁,,,,eu_sanctions_map,2026-06-19
MPI VOLNA,法人,,制裁,,,,eu_sanctions_map,2026-06-19
TIGER 6,船只,EU-MARE,制裁,,,,eu_sanctions_map,2026-06-19
Wall,船只,EU-MARE,制裁,,,,eu_sanctions_map,2026-06-19
GAZPROM NEFT,法人,,制裁,,,,eu_sanctions_map,2026-06-19
Gorky Plant of Communication Equipment (GZAS),法人,,制裁,,,,eu_sanctions_map,2026-06-19
OKB “Technika”,法人,,制裁,,,,eu_sanctions_map,2026-06-19
TYCHE 1,船只,EU-MARE,制裁,,,,eu_sanctions_map,2026-06-19
Joint Stock Company Scientific Research Institute Giricond,法人,,制裁,,,,eu_sanctions_map,2026-06-19
Ina,船只,EU-MARE,制裁,,,,eu_sanctions_map,2026-06-19
Conex Doo Beograd-Stari Grad,法人,,制裁,,,,eu_sanctions_map,2026-06-19
Angstrem JSC,法人,,制裁,,,,eu_sanctions_map,2026-06-19
Blue Talu,船只,EU-MARE,制裁,,,,eu_sanctions_map,2026-06-19
Qods Aviation Industries,法人,,制裁,,,,eu_sanctions_map,2026-06-19
AO Kronshtadt,法人,,制裁,,,,eu_sanctions_map,2026-06-19
Joint Stock Company Zavolzhskiy Plant of Caterpillar Tractors,法人,,制裁,,,,eu_sanctions_map,2026-06-19
Daksha (formerly Hebe),船只,EU-MARE,制裁,,,,eu_sanctions_map,2026-06-19
Naxos,船只,EU-MARE,制裁,,,,eu_sanctions_map,2026-06-19
Min Hang,船只,EU-MARE,制裁,,,,eu_sanctions_map,2026-06-19
Listiga,船只,EU-MARE,制裁,,,,eu_sanctions_map,2026-06-19
Joint Stock Company STAR,法人,,制裁,,,,eu_sanctions_map,2026-06-19
OMSK,船只,EU-MARE,制裁,,,,eu_sanctions_map,2026-06-19
NTC Metrotek,法人,,制裁,,,,eu_sanctions_map,2026-06-19
"Tulatochmash, JSC",法人,,制裁,,,,eu_sanctions_map,2026-06-19
"Tactical Missile Corporation, Joint Stock Company Avangard",法人,,制裁,,,,eu_sanctions_map,2026-06-19
Sayyid Mohammed QADHAF AL-DAM,个人,EU-LBY,制裁,,,,eu_sanctions_map,2026-06-19
Maini,船只,EU-MARE,制裁,,,,eu_sanctions_map,2026-06-19
Leopard,船只,EU-MARE,制裁,,,,eu_sanctions_map,2026-06-19
LLC Fregat,法人,,制裁,,,,eu_sanctions_map,2026-06-19
Surrey Quays,船只,EU-MARE,制裁,,,,eu_sanctions_map,2026-06-19
Sagar Violet,船只,EU-MARE,制裁,,,,eu_sanctions_map,2026-06-19
Utaki,船只,EU-MARE,制裁,,,,eu_sanctions_map,2026-06-19
SouthFront,法人,,制裁,,,,eu_sanctions_map,2026-06-19
Aleksandrov Scientific Research Technological Institute NITI,法人,,制裁,,,,eu_sanctions_map,2026-06-19
SPIRIT 2,船只,EU-MARE,制裁,,,,eu_sanctions_map,2026-06-19
Rozmarine,船只,EU-MARE,制裁,,,,eu_sanctions_map,2026-06-19
Foreign Intelligence Service (SVR),法人,,制裁,,,,eu_sanctions_map,2026-06-19
Public Joint Stock Company Techpribor,法人,,制裁,,,,eu_sanctions_map,2026-06-19
Proton JSC,法人,,制裁,,,,eu_sanctions_map,2026-06-19
CENTURION I,船只,EU-MARE,制裁,,,,eu_sanctions_map,2026-06-19
RPA Kazan Machine Building Plant,法人,,制裁,,,,eu_sanctions_map,2026-06-19
Paravar Pars Company,法人,,制裁,,,,eu_sanctions_map,2026-06-19
ID Solution LLC,法人,,制裁,,,,eu_sanctions_map,2026-06-19
Clyde Noble,船只,EU-MARE,制裁,,,,eu_sanctions_map,2026-06-19
Pacific,船只,EU-MARE,制裁,,,,eu_sanctions_map,2026-06-19
Volgograd Machine Building Company Limited Liability Company,法人,,制裁,,,,eu_sanctions_map,2026-06-19
Galaxy,船只,EU-MARE,制裁,,,,eu_sanctions_map,2026-06-19
Fiora,船只,EU-MARE,制裁,,,,eu_sanctions_map,2026-06-19
Kareliya,船只,EU-MARE,制裁,,,,eu_sanctions_map,2026-06-19
PJSC Beriev Aircraft Company,法人,,制裁,,,,eu_sanctions_map,2026-06-19
46th TSNII Central Scientific Research Institute,法人,,制裁,,,,eu_sanctions_map,2026-06-19
Venetians,船只,EU-MARE,制裁,,,,eu_sanctions_map,2026-06-19
Jumbo,船只,EU-MARE,制裁,,,,eu_sanctions_map,2026-06-19
Moscow Communications Research Institute JSC,法人,,制裁,,,,eu_sanctions_map,2026-06-19
NPP Start,法人,,制裁,,,,eu_sanctions_map,2026-06-19
Joint Stock Company Research and Production Enterprise Radar MMS,法人,,制裁,,,,eu_sanctions_map,2026-06-19
Joint Stock Company Ural Automotive Plant,法人,,制裁,,,,eu_sanctions_map,2026-06-19
Belgorod,船只,EU-MARE,制裁,,,,eu_sanctions_map,2026-06-19
Joint Stock Company Ulan-Ude Aviation Plant,法人,,制裁,,,,eu_sanctions_map,2026-06-19
Nimbus Spb,船只,EU-MARE,制裁,,,,eu_sanctions_map,2026-06-19
MYRA,船只,EU-MARE,制裁,,,,eu_sanctions_map,2026-06-19
DOVE,船只,EU-MARE,制裁,,,,eu_sanctions_map,2026-06-19
Open Joint Stock Company 680 Aircraft Repair Plant (680 ARZ),法人,,制裁,,,,eu_sanctions_map,2026-06-19
QUARTZ,船只,EU-MARE,制裁,,,,eu_sanctions_map,2026-06-19
Federal State Budgetary Enterprise of the Administration of the President of Russia,法人,,制裁,,,,eu_sanctions_map,2026-06-19
Joint Stock Company Svetlana Semiconductors,法人,,制裁,,,,eu_sanctions_map,2026-06-19
Bolero,船只,EU-MARE,制裁,,,,eu_sanctions_map,2026-06-19
"Closed Joint Stock Company TPK LINKOS, SUBDIVISION IN ASTRAKHAN",法人,,制裁,,,,eu_sanctions_map,2026-06-19
Huang He,船只,EU-MARE,制裁,,,,eu_sanctions_map,2026-06-19
MCST Lebedev,法人,,制裁,,,,eu_sanctions_map,2026-06-19
INDUS 1,船只,EU-MARE,制裁,,,,eu_sanctions_map,2026-06-19
Lieto,船只,EU-MARE,制裁,,,,eu_sanctions_map,2026-06-19
SANAR-10,船只,EU-MARE,制裁,,,,eu_sanctions_map,2026-06-19
Hu Po,船只,EU-MARE,制裁,,,,eu_sanctions_map,2026-06-19
JSC Shipyard Vympel,法人,,制裁,,,,eu_sanctions_map,2026-06-19
ELPROM,法人,,制裁,,,,eu_sanctions_map,2026-06-19
Joint Stock Company All-Russian Scientific-Research Institute Gradient,法人,,制裁,,,,eu_sanctions_map,2026-06-19
Radiozavod JSC,法人,,制裁,,,,eu_sanctions_map,2026-06-19
Moti,船只,EU-MARE,制裁,,,,eu_sanctions_map,2026-06-19
NORDSTRAUM,船只,EU-MARE,制裁,,,,eu_sanctions_map,2026-06-19
Kavya (formerly Hana),船只,EU-MARE,制裁,,,,eu_sanctions_map,2026-06-19
Prisma,船只,EU-MARE,制裁,,,,eu_sanctions_map,2026-06-19
Sukhoi Civil Aircraft,法人,,制裁,,,,eu_sanctions_map,2026-06-19
Military Industrial Company Limited Liability Company,法人,,制裁,,,,eu_sanctions_map,2026-06-19
Bank Otkritie,法人,,制裁,,,,eu_sanctions_map,2026-06-19
Joint Stock Company Federal Research and Production Center Altai,法人,,制裁,,,,eu_sanctions_map,2026-06-19
Institute of Marine Technology Problems Far East Branch Russian Academy of Sciences,法人,,制裁,,,,eu_sanctions_map,2026-06-19
Institute of High Energy Physics,法人,,制裁,,,,eu_sanctions_map,2026-06-19
Open Joint Stock Company 322 Aviation Repair Plant (322 ARZ),法人,,制裁,,,,eu_sanctions_map,2026-06-19
Tako LLC,法人,,制裁,,,,eu_sanctions_map,2026-06-19
Joint Stock Company Aerocomposit Ulyanovsk Plant,法人,,制裁,,,,eu_sanctions_map,2026-06-19
RG Solutions Limited,法人,,制裁,,,,eu_sanctions_map,2026-06-19
Tula Arms Plant,法人,,制裁,,,,eu_sanctions_map,2026-06-19
JSC NII Steel,法人,,制裁,,,,eu_sanctions_map,2026-06-19
Joint Stock Company 810 Aircraft Repair Plant,法人,,制裁,,,,eu_sanctions_map,2026-06-19
State Scientific Research Institute of Machine Building Bakhirev (GosNIImash),法人,,制裁,,,,eu_sanctions_map,2026-06-19
Primorsk,法人,,制裁,,,,eu_sanctions_map,2026-06-19
LONGEVITY 7,船只,EU-MARE,制裁,,,,eu_sanctions_map,2026-06-19
SEAL,船只,EU-MARE,制裁,,,,eu_sanctions_map,2026-06-19
Olia,船只,EU-MARE,制裁,,,,eu_sanctions_map,2026-06-19
Zambra,船只,EU-MARE,制裁,,,,eu_sanctions_map,2026-06-19
Cordelia Moon,船只,EU-MARE,制裁,,,,eu_sanctions_map,2026-06-19
Gazprombank,法人,,制裁,,,,eu_sanctions_map,2026-06-19
Oje Parvaz Mado Nafar Company (Mado),法人,,制裁,,,,eu_sanctions_map,2026-06-19
Pavel Chernysh,船只,EU-MARE,制裁,,,,eu_sanctions_map,2026-06-19
GAZPROMNEFT NORDEAST,船只,EU-MARE,制裁,,,,eu_sanctions_map,2026-06-19
Vladislav Vladimirovich Fedorenko,法人,,制裁,,,,eu_sanctions_map,2026-06-19
Katehon,法人,,制裁,,,,eu_sanctions_map,2026-06-19
Night Glory,船只,EU-MARE,制裁,,,,eu_sanctions_map,2026-06-19
TORX,船只,EU-MARE,制裁,,,,eu_sanctions_map,2026-06-19
Valera,船只,EU-MARE,制裁,,,,eu_sanctions_map,2026-06-19
JSC VNIIR Progress,法人,,制裁,,,,eu_sanctions_map,2026-06-19
IVAN KRAMSKOY,船只,EU-MARE,制裁,,,,eu_sanctions_map,2026-06-19
"Central Design Bureau of Automatics, JSC",法人,,制裁,,,,eu_sanctions_map,2026-06-19
JSC AeroKompozit,法人,,制裁,,,,eu_sanctions_map,2026-06-19
Arzam Scientific Production Enterprise Temp Avia,法人,,制裁,,,,eu_sanctions_map,2026-06-19
MEGION,船只,EU-MARE,制裁,,,,eu_sanctions_map,2026-06-19
FLANDRIA,船只,EU-MARE,制裁,,,,eu_sanctions_map,2026-06-19
CHON MA SAN,船只,EU-PRK,制裁,,,,eu_sanctions_map,2026-06-19
Electrosignal JSC,法人,,制裁,,,,eu_sanctions_map,2026-06-19
TEMPEST DREAM,船只,EU-MARE,制裁,,,,eu_sanctions_map,2026-06-19
Ariadne,船只,EU-MARE,制裁,,,,eu_sanctions_map,2026-06-19
NPCAP,法人,,制裁,,,,eu_sanctions_map,2026-06-19
Ricca,船只,EU-MARE,制裁,,,,eu_sanctions_map,2026-06-19
CAPELLA MB (formerly SEVEN PEARLS),船只,EU-MARE,制裁,,,,eu_sanctions_map,2026-06-19
"Zavod Elecon, JSC",法人,,制裁,,,,eu_sanctions_map,2026-06-19
Forss Technology Ltd.,法人,,制裁,,,,eu_sanctions_map,2026-06-19
Joint Stock Company NII Gidrosvyazi Shtil,法人,,制裁,,,,eu_sanctions_map,2026-06-19
BBR Bank,法人,,制裁,,,,eu_sanctions_map,2026-06-19
MARQUISE,船只,EU-MARE,制裁,,,,eu_sanctions_map,2026-06-19
Genji,船只,EU-MARE,制裁,,,,eu_sanctions_map,2026-06-19
"VMP “Avitec”, JSC",法人,,制裁,,,,eu_sanctions_map,2026-06-19
Ak Bars Bank,法人,,制裁,,,,eu_sanctions_map,2026-06-19
Rossiiskaja Gazeta,法人,,制裁,,,,eu_sanctions_map,2026-06-19
Spring Fortune,船只,EU-MARE,制裁,,,,eu_sanctions_map,2026-06-19
Sputnik Arabic,法人,,制裁,,,,eu_sanctions_map,2026-06-19
Dignity,船只,EU-MARE,制裁,,,,eu_sanctions_map,2026-06-19
Joint Stock Company Scientific Production Association Orion,法人,,制裁,,,,eu_sanctions_map,2026-06-19
Novastream Limited,法人,,制裁,,,,eu_sanctions_map,2026-06-19
MARJORIE,船只,EU-MARE,制裁,,,,eu_sanctions_map,2026-06-19
WAN HENG 11,船只,EU-PRK,制裁,,,,eu_sanctions_map,2026-06-19
Long Bai,船只,EU-MARE,制裁,,,,eu_sanctions_map,2026-06-19
Yanhu,船只,EU-MARE,制裁,,,,eu_sanctions_map,2026-06-19
"Novosibirsk Cartridge Plant, JSC (SIBFIRE)",法人,,制裁,,,,eu_sanctions_map,2026-06-19
CHONGCHON,船只,EU-MARE,制裁,,,,eu_sanctions_map,2026-06-19
Kamensk-Uralsky Metallurgical Works J.S. Co.,法人,,制裁,,,,eu_sanctions_map,2026-06-19
Enisey,船只,EU-MARE,制裁,,,,eu_sanctions_map,2026-06-19
GRACEP,船只,EU-MARE,制裁,,,,eu_sanctions_map,2026-06-19
Velmar (formerly Venture),船只,EU-MARE,制裁,,,,eu_sanctions_map,2026-06-19
ADONIA,船只,EU-MARE,制裁,,,,eu_sanctions_map,2026-06-19
Minion,船只,EU-MARE,制裁,,,,eu_sanctions_map,2026-06-19
OOO Staut .,法人,,制裁,,,,eu_sanctions_map,2026-06-19
Gogland,船只,EU-MARE,制裁,,,,eu_sanctions_map,2026-06-19
LADOGA,船只,EU-MARE,制裁,,,,eu_sanctions_map,2026-06-19
Sea Fidelity,船只,EU-MARE,制裁,,,,eu_sanctions_map,2026-06-19
Sandhya,船只,EU-MARE,制裁,,,,eu_sanctions_map,2026-06-19
Sberbank,法人,,制裁,,,,eu_sanctions_map,2026-06-19
KAMAZ,法人,,制裁,,,,eu_sanctions_map,2026-06-19
Chit Linn Myaing Group (CLM),法人,EU-MMR,制裁,,,,eu_sanctions_map,2026-06-19
The JSC Makeyev Design Bureau,法人,,制裁,,,,eu_sanctions_map,2026-06-19
Yodan,船只,EU-MARE,制裁,,,,eu_sanctions_map,2026-06-19
TESTKOMPLEKT LLC,法人,,制裁,,,,eu_sanctions_map,2026-06-19
Omsk Production Union Irtysh JSC,法人,,制裁,,,,eu_sanctions_map,2026-06-19
Temiro,船只,EU-MARE,制裁,,,,eu_sanctions_map,2026-06-19
Main Directorate of Deep-Sea Research of the Ministry of Defense of the Russian Federation,法人,,制裁,,,,eu_sanctions_map,2026-06-19
Joint Stock Company Eleron,法人,,制裁,,,,eu_sanctions_map,2026-06-19
Joint Stock Company Experimental Design Bureau Named After A.S. Yakovlev,法人,,制裁,,,,eu_sanctions_map,2026-06-19
Ederra,船只,EU-MARE,制裁,,,,eu_sanctions_map,2026-06-19
Scientific-Production Association and Scientific-Research Institute of Radio-Components,法人,,制裁,,,,eu_sanctions_map,2026-06-19
Joint Stock Company Arzamas Instrument-Making Plant Named After P.I. Plandin,法人,,制裁,,,,eu_sanctions_map,2026-06-19
"Tactical Missile Company, Joint Stock Company “Scientific Research Institute of Marine Heat Engineering”",法人,,制裁,,,,eu_sanctions_map,2026-06-19
NM-Tekh,法人,,制裁,,,,eu_sanctions_map,2026-06-19
NEW REGENT,船只,EU-PRK,制裁,,,,eu_sanctions_map,2026-06-19
Maria,船只,EU-MARE,制裁,,,,eu_sanctions_map,2026-06-19
KHALASI,船只,EU-MARE,制裁,,,,eu_sanctions_map,2026-06-19
Zhukovskiy Central Aerohydrodynamics Institute (TsAGI),法人,,制裁,,,,eu_sanctions_map,2026-06-19
Elise,船只,EU-MARE,制裁,,,,eu_sanctions_map,2026-06-19
AN SAN 1,船只,EU-PRK,制裁,,,,eu_sanctions_map,2026-06-19
Armada Explorer,船只,EU-MARE,制裁,,,,eu_sanctions_map,2026-06-19
Vnukovo International Airport,法人,,制裁,,,,eu_sanctions_map,2026-06-19
Rybinsk Shipyard Engineering,法人,,制裁,,,,eu_sanctions_map,2026-06-19
AZURE,船只,EU-MARE,制裁,,,,eu_sanctions_map,2026-06-19
Lebre,船只,EU-MARE,制裁,,,,eu_sanctions_map,2026-06-19
Joint Stock Company Tula Cartridge Works,法人,,制裁,,,,eu_sanctions_map,2026-06-19
Lady R,船只,EU-MARE,制裁,,,,eu_sanctions_map,2026-06-19
Joint Stock Company Taganrog Plant Priboy,法人,,制裁,,,,eu_sanctions_map,2026-06-19
MANASLU,船只,EU-MARE,制裁,,,,eu_sanctions_map,2026-06-19
Integral SPB,法人,,制裁,,,,eu_sanctions_map,2026-06-19
Stratos Aurora,船只,EU-MARE,制裁,,,,eu_sanctions_map,2026-06-19
"Borisfen, JSC",法人,,制裁,,,,eu_sanctions_map,2026-06-19
BIC-inform,法人,,制裁,,,,eu_sanctions_map,2026-06-19
Kudos Stars,船只,EU-MARE,制裁,,,,eu_sanctions_map,2026-06-19
Limited Liability Company Center for Specialized Production OSK Propulsion (OSK Propulsion),法人,,制裁,,,,eu_sanctions_map,2026-06-19
"Optron, JSC",法人,,制裁,,,,eu_sanctions_map,2026-06-19
ENICS,法人,,制裁,,,,eu_sanctions_map,2026-06-19
Canara,船只,EU-MARE,制裁,,,,eu_sanctions_map,2026-06-19
Credit Bank of Moscow,法人,,制裁,,,,eu_sanctions_map,2026-06-19
LLC MBR-AVIA,法人,,制裁,,,,eu_sanctions_map,2026-06-19
Caruzo,船只,EU-MARE,制裁,,,,eu_sanctions_map,2026-06-19
Branch of RSK MiG Nizhny Novgorod Aircraft-Construction Plant Sokol,法人,,制裁,,,,eu_sanctions_map,2026-06-19
Joint Stock Company 514 Aviation Repair Plant (514 ARZ),法人,,制裁,,,,eu_sanctions_map,2026-06-19
"A.A. Kharkevich Institute for Information Transmission Problems (IITP), Russian Academy of Sciences (RAS)",法人,,制裁,,,,eu_sanctions_map,2026-06-19
APUS,船只,EU-MARE,制裁,,,,eu_sanctions_map,2026-06-19
RIMMA,船只,EU-MARE,制裁,,,,eu_sanctions_map,2026-06-19
ANIKA,船只,EU-MARE,制裁,,,,eu_sanctions_map,2026-06-19
Joint Stock Company Yaroslav Radio Factory,法人,,制裁,,,,eu_sanctions_map,2026-06-19
"Tactical Missile Corporation, TRV Engineering",法人,,制裁,,,,eu_sanctions_map,2026-06-19
Joint Stock Company RT-Tekhpriemka,法人,,制裁,,,,eu_sanctions_map,2026-06-19
Savitri,船只,EU-MARE,制裁,,,,eu_sanctions_map,2026-06-19
Federal Center for Dual-Use Technology (FTsDT) Soyuz,法人,,制裁,,,,eu_sanctions_map,2026-06-19
Shipyard Yantar,法人,,制裁,,,,eu_sanctions_map,2026-06-19
Ural Scientific Research Institute for Composite Materials,法人,,制裁,,,,eu_sanctions_map,2026-06-19
Open Joint Stock Company 32 Repair Plant of Flight Support Equipment (32 RZ SOP),法人,,制裁,,,,eu_sanctions_map,2026-06-19
Swiftsea Rider,船只,EU-MARE,制裁,,,,eu_sanctions_map,2026-06-19
Far Eastern Shipbuilding and Ship Repair Center,法人,,制裁,,,,eu_sanctions_map,2026-06-19
NPP Istok,法人,,制裁,,,,eu_sanctions_map,2026-06-19
Tyagaraja,船只,EU-MARE,制裁,,,,eu_sanctions_map,2026-06-19
Chkalov Novosibirsk Aviation Plant,法人,,制裁,,,,eu_sanctions_map,2026-06-19
"Ural Works of Civil Aviation, JSC",法人,,制裁,,,,eu_sanctions_map,2026-06-19
Federal State Unitary Enterprise Dukhov Automatics Research Institute (VNIIA),法人,,制裁,,,,eu_sanctions_map,2026-06-19
Public Joint Stock Company Rostvertol,法人,,制裁,,,,eu_sanctions_map,2026-06-19
Olympus,船只,EU-MARE,制裁,,,,eu_sanctions_map,2026-06-19
JSC NICEVT,法人,,制裁,,,,eu_sanctions_map,2026-06-19
Design Bureau of Navigation Systems (NAVIS),法人,,制裁,,,,eu_sanctions_map,2026-06-19
United Shipbuilding Corporation JSC “Astrakhan Shipyard”,法人,,制裁,,,,eu_sanctions_map,2026-06-19
URIEL,船只,EU-MARE,制裁,,,,eu_sanctions_map,2026-06-19
Mikati,船只,EU-MARE,制裁,,,,eu_sanctions_map,2026-06-19
OLAF 1,船只,EU-MARE,制裁,,,,eu_sanctions_map,2026-06-19
Heidi A,船只,EU-MARE,制裁,,,,eu_sanctions_map,2026-06-19
Spetstehnotreyd LLC,法人,,制裁,,,,eu_sanctions_map,2026-06-19
Skadi,船只,EU-MARE,制裁,,,,eu_sanctions_map,2026-06-19
Saraswati,船只,EU-MARE,制裁,,,,eu_sanctions_map,2026-06-19
BRIONT,船只,EU-MARE,制裁,,,,eu_sanctions_map,2026-06-19
Azure Celeste,船只,EU-MARE,制裁,,,,eu_sanctions_map,2026-06-19
Joint Stock Company Lazurit Central Design Bureau,法人,,制裁,,,,eu_sanctions_map,2026-06-19
Production Association Strela,法人,,制裁,,,,eu_sanctions_map,2026-06-19
Scientific Research Institute NII Submikron,法人,,制裁,,,,eu_sanctions_map,2026-06-19
Joint Stock Company Votkinsky Zavod,法人,,制裁,,,,eu_sanctions_map,2026-06-19
Perm International Airport,法人,,制裁,,,,eu_sanctions_map,2026-06-19
V.V. Tarasov Avia Avtomatika,法人,,制裁,,,,eu_sanctions_map,2026-06-19
Ligovsky Prospect,船只,EU-MARE,制裁,,,,eu_sanctions_map,2026-06-19
Hera,船只,EU-MARE,制裁,,,,eu_sanctions_map,2026-06-19
"Barnaul cartridge plant, JSC",法人,,制裁,,,,eu_sanctions_map,2026-06-19
San Severus,船只,EU-MARE,制裁,,,,eu_sanctions_map,2026-06-19
APATE,船只,EU-MARE,制裁,,,,eu_sanctions_map,2026-06-19
Vision,船只,EU-MARE,制裁,,,,eu_sanctions_map,2026-06-19
Moscow Order of the Red Banner of Labor Research Radio Engineering Institute JSC,法人,,制裁,,,,eu_sanctions_map,2026-06-19
Nichole,船只,EU-MARE,制裁,,,,eu_sanctions_map,2026-06-19
Aeroscan LLC,法人,,制裁,,,,eu_sanctions_map,2026-06-19
AURA 1,船只,EU-MARE,制裁,,,,eu_sanctions_map,2026-06-19
Begishevo International Airport,法人,,制裁,,,,eu_sanctions_map,2026-06-19
Akar West,船只,EU-MARE,制裁,,,,eu_sanctions_map,2026-06-19
View (formerly Cup),船只,EU-MARE,制裁,,,,eu_sanctions_map,2026-06-19
Bank BelVEB,法人,,制裁,,,,eu_sanctions_map,2026-06-19
Engineering Center Ltd.,法人,,制裁,,,,eu_sanctions_map,2026-06-19
Ocean Faye,船只,EU-MARE,制裁,,,,eu_sanctions_map,2026-06-19
SMT iLogic LLC,法人,,制裁,,,,eu_sanctions_map,2026-06-19
SOUTH STAR,船只,EU-MARE,制裁,,,,eu_sanctions_map,2026-06-19
Guangzhou Ausay Technology Co Limited,法人,,制裁,,,,eu_sanctions_map,2026-06-19
Ji Shun,船只,EU-MARE,制裁,,,,eu_sanctions_map,2026-06-19
BILLIONS NO. 18,船只,EU-PRK,制裁,,,,eu_sanctions_map,2026-06-19
Petersburg’s settlement center,法人,,制裁,,,,eu_sanctions_map,2026-06-19
Yildiz Çip Teknoloji Elektronik Elektrik Bilgisayar Malzemeleri Ticaret Sanayi Limited Sirketi,法人,,制裁,,,,eu_sanctions_map,2026-06-19
Virat,船只,EU-MARE,制裁,,,,eu_sanctions_map,2026-06-19
Joint Stock Company Penza Electrotechnical Research Institute,法人,,制裁,,,,eu_sanctions_map,2026-06-19
Dmitry Pokrovsky,船只,EU-MARE,制裁,,,,eu_sanctions_map,2026-06-19
SKS Elektron Broker,法人,,制裁,,,,eu_sanctions_map,2026-06-19
La Perouse,船只,EU-MARE,制裁,,,,eu_sanctions_map,2026-06-19
Belgazprombank,法人,,制裁,,,,eu_sanctions_map,2026-06-19
Nizhegorodskiy televizionnyy zavod (NITEL JSC),法人,,制裁,,,,eu_sanctions_map,2026-06-19
Ahmoudou AG ASRIW,个人,EU-MLI,制裁,,,,eu_sanctions_map,2026-06-19
Cassiopeia,船只,EU-MARE,制裁,,,,eu_sanctions_map,2026-06-19
Lyulki Experimental-Design Bureau,法人,,制裁,,,,eu_sanctions_map,2026-06-19
Hyperion,船只,EU-MARE,制裁,,,,eu_sanctions_map,2026-06-19
Sky Rider,船只,EU-MARE,制裁,,,,eu_sanctions_map,2026-06-19
Joint Stock Company Production Complex Akhtuba,法人,,制裁,,,,eu_sanctions_map,2026-06-19
Advanced Research Foundation,法人,,制裁,,,,eu_sanctions_map,2026-06-19
JSC Elektronstandart Pribor,法人,,制裁,,,,eu_sanctions_map,2026-06-19
Makhachkala,法人,,制裁,,,,eu_sanctions_map,2026-06-19
SOFOS,船只,EU-MARE,制裁,,,,eu_sanctions_map,2026-06-19
ZALE,船只,EU-MARE,制裁,,,,eu_sanctions_map,2026-06-19
Legacy (formerly NS Lotus),船只,EU-MARE,制裁,,,,eu_sanctions_map,2026-06-19
Joint Stock Company Scientific Production Association Volna Plant,法人,,制裁,,,,eu_sanctions_map,2026-06-19
Marabella Sun,船只,EU-MARE,制裁,,,,eu_sanctions_map,2026-06-19
GFK Logistics Asia LLC,法人,,制裁,,,,eu_sanctions_map,2026-06-19
Joint Stock Company Rychag,法人,,制裁,,,,eu_sanctions_map,2026-06-19
Joint Stock Company Aramil Aviation Repair Plant (AARZ),法人,,制裁,,,,eu_sanctions_map,2026-06-19
REVANCHE,船只,EU-MARE,制裁,,,,eu_sanctions_map,2026-06-19
SuperCam,法人,,制裁,,,,eu_sanctions_map,2026-06-19
Neon,船只,EU-MARE,制裁,,,,eu_sanctions_map,2026-06-19
RNKO Platezhnyy Konstruktor,法人,,制裁,,,,eu_sanctions_map,2026-06-19
Nordlase LLC,法人,,制裁,,,,eu_sanctions_map,2026-06-19
Ministry of Defence RF,法人,,制裁,,,,eu_sanctions_map,2026-06-19
ROTOR 43,法人,,制裁,,,,eu_sanctions_map,2026-06-19
VTB Bank (PJSC) Shanghai Branch,法人,,制裁,,,,eu_sanctions_map,2026-06-19
Islamic Revolutionary Guard Corps Aerospace Force,法人,,制裁,,,,eu_sanctions_map,2026-06-19
Almond,船只,EU-MARE,制裁,,,,eu_sanctions_map,2026-06-19
Primorye,船只,EU-MARE,制裁,,,,eu_sanctions_map,2026-06-19
Closed Joint Stock Company Special Design Bureau,法人,,制裁,,,,eu_sanctions_map,2026-06-19
"UEC-Perm Engines, JSC",法人,,制裁,,,,eu_sanctions_map,2026-06-19
Rosoboronexport OJSC (ROE),法人,,制裁,,,,eu_sanctions_map,2026-06-19
Turaco,船只,EU-MARE,制裁,,,,eu_sanctions_map,2026-06-19
Alfa Bank,法人,,制裁,,,,eu_sanctions_map,2026-06-19
Research Center Module,法人,,制裁,,,,eu_sanctions_map,2026-06-19
State Scientific Center AO GNTs RF—FEI A.I. Leypunskiy Physico-Energy Institute,法人,,制裁,,,,eu_sanctions_map,2026-06-19
North Mountain,船只,EU-MARE,制裁,,,,eu_sanctions_map,2026-06-19
Russian Institute of Radio Navigation and Time,法人,,制裁,,,,eu_sanctions_map,2026-06-19
Joint Stock Company Scientific-Production Union for Radioelectronics Named After V.I. Shimko,法人,,制裁,,,,eu_sanctions_map,2026-06-19
Open Joint Stock Company 275 Aviation Repair Plant (275 ARZ),法人,,制裁,,,,eu_sanctions_map,2026-06-19
CJSC Radiotekhkomplekt,法人,,制裁,,,,eu_sanctions_map,2026-06-19
Joint Stock Company Voronezh Semiconductor Devices Factory Assembly,法人,,制裁,,,,eu_sanctions_map,2026-06-19
Arapax LLC,法人,EU-IRN,制裁,,,,eu_sanctions_map,2026-06-19
SFT LLC,法人,,制裁,,,,eu_sanctions_map,2026-06-19
Fulger,船只,EU-MARE,制裁,,,,eu_sanctions_map,2026-06-19
Sputnik,法人,,制裁,,,,eu_sanctions_map,2026-06-19
Public Joint Stock Company Voronezh Joint Stock Aircraft Company,法人,,制裁,,,,eu_sanctions_map,2026-06-19
Nizhny Novgorod Research Institute of Radio Engineering (NNIIRT),法人,,制裁,,,,eu_sanctions_map,2026-06-19
Uralsib Bank,法人,,制裁,,,,eu_sanctions_map,2026-06-19
"P.A. Voronin Lukhovitsk Aviation Plant, branch of RSK MiG",法人,,制裁,,,,eu_sanctions_map,2026-06-19
Joint Stock Company Eastern Shipyard,法人,,制裁,,,,eu_sanctions_map,2026-06-19
"Central Research Institute of Automation and Hydraulics (CNIIAG), JSC",法人,,制裁,,,,eu_sanctions_map,2026-06-19
Bank Kuban Kredit,法人,,制裁,,,,eu_sanctions_map,2026-06-19
Joint Stock Company North Western Regional Center of Almaz Antey Concern Obukhovsky Plant,法人,,制裁,,,,eu_sanctions_map,2026-06-19
TANGO 2,船只,EU-MARE,制裁,,,,eu_sanctions_map,2026-06-19
RT - Russia Today Germany,法人,,制裁,,,,eu_sanctions_map,2026-06-19
OOO Albatross,法人,,制裁,,,,eu_sanctions_map,2026-06-19
YU JONG 2,船只,EU-PRK,制裁,,,,eu_sanctions_map,2026-06-19
Thya,船只,EU-MARE,制裁,,,,eu_sanctions_map,2026-06-19
Vladimir Asenyev,船只,EU-MARE,制裁,,,,eu_sanctions_map,2026-06-19
Joint Stock Company Research Center ELINS,法人,,制裁,,,,eu_sanctions_map,2026-06-19
Diva I,船只,EU-MARE,制裁,,,,eu_sanctions_map,2026-06-19
"Tactical Missile Corporation, Zvezda-Strela Limited Liability Company",法人,,制裁,,,,eu_sanctions_map,2026-06-19
United Shipbuilding Corporation,法人,,制裁,,,,eu_sanctions_map,2026-06-19
Ineko LLC,法人,,制裁,,,,eu_sanctions_map,2026-06-19
Open Joint Stock Company Degtyaryov Plant,法人,,制裁,,,,eu_sanctions_map,2026-06-19
Viktor Titov,船只,EU-MARE,制裁,,,,eu_sanctions_map,2026-06-19
"Tactical Missile Corporation, Joint Stock Company Concern Granit-Electron",法人,,制裁,,,,eu_sanctions_map,2026-06-19
ALARA,船只,EU-MARE,制裁,,,,eu_sanctions_map,2026-06-19
SINO STAR,船只,EU-MARE,制裁,,,,eu_sanctions_map,2026-06-19
Serov Machine-Building Plant JSC,法人,,制裁,,,,eu_sanctions_map,2026-06-19
Turayev Machine Building Design Bureau Soyuz,法人,,制裁,,,,eu_sanctions_map,2026-06-19
Meru,船只,EU-MARE,制裁,,,,eu_sanctions_map,2026-06-19
All-Russian Scientific-Research Institute Etalon JSC,法人,,制裁,,,,eu_sanctions_map,2026-06-19
R.Ye. Alekseyev Central Design Bureau for Hydrofoil Ships,法人,,制裁,,,,eu_sanctions_map,2026-06-19
Joint Stock Company Information Satellite Systems Named After Academician M.F. Reshetnev,法人,,制裁,,,,eu_sanctions_map,2026-06-19
Success Aviation Services FZC,法人,,制裁,,,,eu_sanctions_map,2026-06-19
Joint Stock Company Concern Central Institute for Scientific Research Elektropribor,法人,,制裁,,,,eu_sanctions_map,2026-06-19
JSC “Urals Optical-Mechanical Plant Named After Mr E.S Yalamov”,法人,,制裁,,,,eu_sanctions_map,2026-06-19
Alagir Resistor Factory,法人,,制裁,,,,eu_sanctions_map,2026-06-19
Afkada,船只,EU-MARE,制裁,,,,eu_sanctions_map,2026-06-19
Olive,船只,EU-MARE,制裁,,,,eu_sanctions_map,2026-06-19
Joint Stock Company Research and Development Enterprise Protek,法人,,制裁,,,,eu_sanctions_map,2026-06-19
Design Bureau of Chemical Machine Building KBKhM,法人,,制裁,,,,eu_sanctions_map,2026-06-19
JI SONG 6,船只,EU-PRK,制裁,,,,eu_sanctions_map,2026-06-19
Dashan (formerly Mianzimu),船只,EU-MARE,制裁,,,,eu_sanctions_map,2026-06-19
EVERDINE,船只,EU-MARE,制裁,,,,eu_sanctions_map,2026-06-19
Kaluga,船只,EU-MARE,制裁,,,,eu_sanctions_map,2026-06-19
Dalzavod Ship-Repair Center,法人,,制裁,,,,eu_sanctions_map,2026-06-19
Scientific Research Institute Ferrite-Domen,法人,,制裁,,,,eu_sanctions_map,2026-06-19
Joint Stock Company Bryansk Electromechanical Plant,法人,,制裁,,,,eu_sanctions_map,2026-06-19
Arabela,船只,EU-MARE,制裁,,,,eu_sanctions_map,2026-06-19
Joint Stock Company Scientific Research Institute of Electronic and Mechanical Devices,法人,,制裁,,,,eu_sanctions_map,2026-06-19
FURIA,船只,EU-MARE,制裁,,,,eu_sanctions_map,2026-06-19
JSC Rocket and Space Centre – Progress,法人,,制裁,,,,eu_sanctions_map,2026-06-19
Rostec (Russian Technologies State Corporation),法人,,制裁,,,,eu_sanctions_map,2026-06-19
Neva Electronica JSC,法人,,制裁,,,,eu_sanctions_map,2026-06-19
"KURGANPRIBOR, JSC",法人,,制裁,,,,eu_sanctions_map,2026-06-19
Joint Stock Company Obninsk Research and Production Enterprise Technologiya Named After A.G. Romashin,法人,,制裁,,,,eu_sanctions_map,2026-06-19
Papilon Systems Limited Liability Company,法人,,制裁,,,,eu_sanctions_map,2026-06-19
Streloy,法人,,制裁,,,,eu_sanctions_map,2026-06-19
Aquatica,船只,EU-MARE,制裁,,,,eu_sanctions_map,2026-06-19
JI SONG 8,船只,EU-PRK,制裁,,,,eu_sanctions_map,2026-06-19
Russian Maritime Register of Shipping,法人,,制裁,,,,eu_sanctions_map,2026-06-19
Chandra,船只,EU-MARE,制裁,,,,eu_sanctions_map,2026-06-19
Public Joint Stock Company Bryansk Special Design Bureau,法人,,制裁,,,,eu_sanctions_map,2026-06-19
State Governmental Scientific Testing Area of Aircraft Systems (GkNIPAS),法人,,制裁,,,,eu_sanctions_map,2026-06-19
"Aerospace Systems Design Bureau, JSC",法人,,制裁,,,,eu_sanctions_map,2026-06-19
Concern Morinformsystem–Agat,法人,,制裁,,,,eu_sanctions_map,2026-06-19
Pella Shipyard OJSC,法人,,制裁,,,,eu_sanctions_map,2026-06-19
Energiya JSC,法人,,制裁,,,,eu_sanctions_map,2026-06-19
Cilicia,船只,EU-MARE,制裁,,,,eu_sanctions_map,2026-06-19
Amber 6,船只,EU-MARE,制裁,,,,eu_sanctions_map,2026-06-19
Ocean Autumn,船只,EU-MARE,制裁,,,,eu_sanctions_map,2026-06-19
"Tactical Missile Company, Joint Stock Company “Salute”",法人,,制裁,,,,eu_sanctions_map,2026-06-19
Zaliv Amurskiy,船只,EU-MARE,制裁,,,,eu_sanctions_map,2026-06-19
Joint Stock Company Izhevsk Electromechanical Plant Kupol,法人,,制裁,,,,eu_sanctions_map,2026-06-19
Amid Husain AL KUNI,个人,EU-LBY,制裁,,,,eu_sanctions_map,2026-06-19
Deflog Technologies PTE LTD,法人,,制裁,,,,eu_sanctions_map,2026-06-19
POLYUS Research Institute of M.F. Stelmakh Joint Stock Company,法人,,制裁,,,,eu_sanctions_map,2026-06-19
TIMOFEY GUZHENKO,船只,EU-MARE,制裁,,,,eu_sanctions_map,2026-06-19
Lyra,船只,EU-MARE,制裁,,,,eu_sanctions_map,2026-06-19
Joint Stock Company Scientific Production Enterprise Izmeritel,法人,,制裁,,,,eu_sanctions_map,2026-06-19
Volga River,船只,EU-MARE,制裁,,,,eu_sanctions_map,2026-06-19
Nan Feng Zhi Xing,船只,EU-MARE,制裁,,,,eu_sanctions_map,2026-06-19
MURMANSK,船只,EU-MARE,制裁,,,,eu_sanctions_map,2026-06-19
Joint Stock Company Research and Production Center SAPSAN,法人,,制裁,,,,eu_sanctions_map,2026-06-19
RusBITech,法人,,制裁,,,,eu_sanctions_map,2026-06-19
Kulon Scientific-Research Institute JSC,法人,,制裁,,,,eu_sanctions_map,2026-06-19
MIR Business Bank,法人,,制裁,,,,eu_sanctions_map,2026-06-19
UEC-Aviadvigatel JSC,法人,,制裁,,,,eu_sanctions_map,2026-06-19
Agni,船只,EU-MARE,制裁,,,,eu_sanctions_map,2026-06-19
Avant Space LLC,法人,,制裁,,,,eu_sanctions_map,2026-06-19
Thalia III,船只,EU-MARE,制裁,,,,eu_sanctions_map,2026-06-19
NAVIK,船只,EU-MARE,制裁,,,,eu_sanctions_map,2026-06-19
Joint Stock Company Institute for Scientific Research Microelectronic Equipment Progress,法人,,制裁,,,,eu_sanctions_map,2026-06-19
"Tactical Missile Company, Joint Stock Company Severny Press",法人,,制裁,,,,eu_sanctions_map,2026-06-19
Joint Stock Company Taganrog Communications Scientific-Research Institute,法人,,制裁,,,,eu_sanctions_map,2026-06-19
Serniya Engineering,法人,,制裁,,,,eu_sanctions_map,2026-06-19
JSC Sozvezdie Concern,法人,,制裁,,,,eu_sanctions_map,2026-06-19
Russian Federal Nuclear Center – All-Russian Research Institute of Experimental Physics,法人,,制裁,,,,eu_sanctions_map,2026-06-19
Novikombank,法人,,制裁,,,,eu_sanctions_map,2026-06-19
NS Leader,船只,EU-MARE,制裁,,,,eu_sanctions_map,2026-06-19
Frunze,船只,EU-MARE,制裁,,,,eu_sanctions_map,2026-06-19
United Shipbuilding Corporation “Scientific Research Design Technological Bureau Onega”,法人,,制裁,,,,eu_sanctions_map,2026-06-19
Garasan,船只,EU-MARE,制裁,,,,eu_sanctions_map,2026-06-19
Cross Ocean,船只,EU-MARE,制裁,,,,eu_sanctions_map,2026-06-19
AO Rubin,法人,,制裁,,,,eu_sanctions_map,2026-06-19
Ector,船只,EU-MARE,制裁,,,,eu_sanctions_map,2026-06-19
OAO Svetlovskoye Predpriyatiye Era,法人,,制裁,,,,eu_sanctions_map,2026-06-19
Tiburon,船只,EU-MARE,制裁,,,,eu_sanctions_map,2026-06-19
Wu Tai,船只,EU-MARE,制裁,,,,eu_sanctions_map,2026-06-19
AGT Systems LLC,法人,,制裁,,,,eu_sanctions_map,2026-06-19
Hartis Dv LLV,法人,,制裁,,,,eu_sanctions_map,2026-06-19
Joint Stock Company Kazan Instrument-Engineering and Design Bureau,法人,,制裁,,,,eu_sanctions_map,2026-06-19
Leruo,船只,EU-MARE,制裁,,,,eu_sanctions_map,2026-06-19
St. Petersburg Naval Design Bureau Almaz,法人,,制裁,,,,eu_sanctions_map,2026-06-19
Radio Technical Institute Named After A. L. Mints,法人,,制裁,,,,eu_sanctions_map,2026-06-19
VTS Broker LLC,法人,EU-IRN,制裁,,,,eu_sanctions_map,2026-06-19
ASTRAL,船只,EU-MARE,制裁,,,,eu_sanctions_map,2026-06-19
JSC SEZ Alabuga,法人,,制裁,,,,eu_sanctions_map,2026-06-19
Joint Stock Company Ramensky Instrument-Engineering Plant,法人,,制裁,,,,eu_sanctions_map,2026-06-19
Almaz-Antey,法人,,制裁,,,,eu_sanctions_map,2026-06-19
Aulis,船只,EU-MARE,制裁,,,,eu_sanctions_map,2026-06-19
Rapart Services LLC,法人,,制裁,,,,eu_sanctions_map,2026-06-19
Radiant Electronic Components JSC,法人,,制裁,,,,eu_sanctions_map,2026-06-19
MIRES,船只,EU-MARE,制裁,,,,eu_sanctions_map,2026-06-19
Federal State Unitary Enterprise Central Scientific Research Institute of Chemistry and Mechanics,法人,,制裁,,,,eu_sanctions_map,2026-06-19
Entep LLC,法人,,制裁,,,,eu_sanctions_map,2026-06-19
Federal State Budgetary Scientific Institution Research and Production Complex Technology Center,法人,,制裁,,,,eu_sanctions_map,2026-06-19
Scientific Production Enterprise Prima Limited Liability Company,法人,,制裁,,,,eu_sanctions_map,2026-06-19
"Afanasyev Technomac, JSC",法人,,制裁,,,,eu_sanctions_map,2026-06-19
Branch of PAO II – Aviastar,法人,,制裁,,,,eu_sanctions_map,2026-06-19
Hannah,船只,EU-MARE,制裁,,,,eu_sanctions_map,2026-06-19
OLANGA,船只,EU-MARE,制裁,,,,eu_sanctions_map,2026-06-19
Joint Stock Company Nizhny Novgorod Plant of the 70th Anniversary of Victory,法人,,制裁,,,,eu_sanctions_map,2026-06-19
Novorossiysk Shipyard JSC,法人,,制裁,,,,eu_sanctions_map,2026-06-19
Si He,船只,EU-MARE,制裁,,,,eu_sanctions_map,2026-06-19
OJSC TSRY,法人,,制裁,,,,eu_sanctions_map,2026-06-19
GAZPROMNEFT ZUID EAST,船只,EU-MARE,制裁,,,,eu_sanctions_map,2026-06-19
Special Design and Technical Bureau for Relay Technology,法人,,制裁,,,,eu_sanctions_map,2026-06-19
Ganga,船只,EU-MARE,制裁,,,,eu_sanctions_map,2026-06-19
JSC Central Research Institute of Machine Building (JSC TsNIIMash),法人,,制裁,,,,eu_sanctions_map,2026-06-19
REN TV,法人,,制裁,,,,eu_sanctions_map,2026-06-19
Samsun,船只,EU-MARE,制裁,,,,eu_sanctions_map,2026-06-19
BIRTHE THERESI,船只,EU-MARE,制裁,,,,eu_sanctions_map,2026-06-19
STC Orion LLC,法人,,制裁,,,,eu_sanctions_map,2026-06-19
Tordan Industry Limited,法人,,制裁,,,,eu_sanctions_map,2026-06-19
OOO Adis,法人,,制裁,,,,eu_sanctions_map,2026-06-19
Callisto,船只,EU-MARE,制裁,,,,eu_sanctions_map,2026-06-19
PJSC “Scientific and Production Association ‘Almaz’ Named After Academician A.A. Raspletin”,法人,,制裁,,,,eu_sanctions_map,2026-06-19
Pearl,船只,EU-MARE,制裁,,,,eu_sanctions_map,2026-06-19
Open Joint Stock Company 308 Aviation Repair Plant (308 ARZ),法人,,制裁,,,,eu_sanctions_map,2026-06-19
Abdulqader Yusef DIBRI,个人,EU-LBY,制裁,,,,eu_sanctions_map,2026-06-19
LLC Rezonit,法人,,制裁,,,,eu_sanctions_map,2026-06-19
Manta,船只,EU-MARE,制裁,,,,eu_sanctions_map,2026-06-19
LLC Research and Production Enterprise Itelma,法人,,制裁,,,,eu_sanctions_map,2026-06-19
Kalyazinsky Machine Building Factory – Branch of RSK MiG,法人,,制裁,,,,eu_sanctions_map,2026-06-19
JCS Izhevsk Motozavod Axion-holding,法人,,制裁,,,,eu_sanctions_map,2026-06-19
Hatti,船只,EU-MARE,制裁,,,,eu_sanctions_map,2026-06-19
Sergey IONOV,法人,,制裁,,,,eu_sanctions_map,2026-06-19
MG Flot LLC,法人,EU-IRN,制裁,,,,eu_sanctions_map,2026-06-19
Tactical Missiles Corporation JSC,法人,,制裁,,,,eu_sanctions_map,2026-06-19
Joint Stock Company Northern Production Association Arktika,法人,,制裁,,,,eu_sanctions_map,2026-06-19
RHEIN,船只,EU-MARE,制裁,,,,eu_sanctions_map,2026-06-19
Vega,船只,EU-MARE,制裁,,,,eu_sanctions_map,2026-06-19
OMNI,船只,EU-MARE,制裁,,,,eu_sanctions_map,2026-06-19
TTK Kammarket LLC,法人,,制裁,,,,eu_sanctions_map,2026-06-19
Joint Stock Company Dux,法人,,制裁,,,,eu_sanctions_map,2026-06-19
"Tactical Missile Company, KB Mashinostroeniya",法人,,制裁,,,,eu_sanctions_map,2026-06-19
State Machine Building Design Bureau Raduga Bereznya,法人,,制裁,,,,eu_sanctions_map,2026-06-19
JSC Element,法人,,制裁,,,,eu_sanctions_map,2026-06-19
Destan,船只,EU-MARE,制裁,,,,eu_sanctions_map,2026-06-19
Trust Logistics,法人,,制裁,,,,eu_sanctions_map,2026-06-19
Joint Stock Company Tekhnodinamika,法人,,制裁,,,,eu_sanctions_map,2026-06-19
Invicta,船只,EU-MARE,制裁,,,,eu_sanctions_map,2026-06-19
Bonifacy,船只,EU-MARE,制裁,,,,eu_sanctions_map,2026-06-19
Peta Lumina,船只,EU-MARE,制裁,,,,eu_sanctions_map,2026-06-19
Radioavtomatika,法人,,制裁,,,,eu_sanctions_map,2026-06-19
Tchipa NA BIDON,个人,EU-GNB,制裁,,,,eu_sanctions_map,2026-06-19
Ak Bars Holding,法人,,制裁,,,,eu_sanctions_map,2026-06-19
Kazan,船只,EU-MARE,制裁,,,,eu_sanctions_map,2026-06-19
Center for Technological Competencies in Radiophtonics,法人,,制裁,,,,eu_sanctions_map,2026-06-19
United Shipbuilding Corporation JSC SC “Zvyozdochka”,法人,,制裁,,,,eu_sanctions_map,2026-06-19
Pugnax,船只,,制裁,,,,eu_sanctions_map,2026-06-19
Concern OJSC – KIZLYAR ELECTRO-MECHANICAL PLANT,法人,,制裁,,,,eu_sanctions_map,2026-06-19
PACIFICOS,船只,EU-MARE,制裁,,,,eu_sanctions_map,2026-06-19
Trust,船只,EU-MARE,制裁,,,,eu_sanctions_map,2026-06-19
JSC Kalashnikov,法人,,制裁,,,,eu_sanctions_map,2026-06-19
Sakarya,船只,EU-MARE,制裁,,,,eu_sanctions_map,2026-06-19
Peace,船只,EU-MARE,制裁,,,,eu_sanctions_map,2026-06-19
JSC Kompel,法人,,制裁,,,,eu_sanctions_map,2026-06-19
SP KVANT (Sovmestnoe Predpriyatie Kvantovye Tekhnologii),法人,,制裁,,,,eu_sanctions_map,2026-06-19
Nautilus,船只,EU-MARE,制裁,,,,eu_sanctions_map,2026-06-19
KAMELOT,船只,EU-MARE,制裁,,,,eu_sanctions_map,2026-06-19
Foreign Trade Association Mashpriborintorg,法人,,制裁,,,,eu_sanctions_map,2026-06-19
United Instrument Manufacturing Corporation,法人,,制裁,,,,eu_sanctions_map,2026-06-19
HUA FU,船只,EU-PRK,制裁,,,,eu_sanctions_map,2026-06-19
Inelso LLC,法人,,制裁,,,,eu_sanctions_map,2026-06-19
Joint Stock Company Ramensk Instrument-Engineering Bureau,法人,,制裁,,,,eu_sanctions_map,2026-06-19
"Tactical Missile Company, Joint Stock Company Plant Kulakov",法人,,制裁,,,,eu_sanctions_map,2026-06-19
"Concern Avrora Scientific and Production Association, JSC",法人,,制裁,,,,eu_sanctions_map,2026-06-19
JIE SHUN,船只,EU-PRK,制裁,,,,eu_sanctions_map,2026-06-19
ZAGATALA,船只,EU-MARE,制裁,,,,eu_sanctions_map,2026-06-19
GUANYIN,船只,EU-MARE,制裁,,,,eu_sanctions_map,2026-06-19
Joint Stock Company Industrial Controls Design Bureau,法人,,制裁,,,,eu_sanctions_map,2026-06-19
Joint Stock Company 123 Aviation Repair Plant (123 ARZ),法人,,制裁,,,,eu_sanctions_map,2026-06-19
JSC Pella-Mash,法人,,制裁,,,,eu_sanctions_map,2026-06-19
Joint Stock Company 766 UPTK,法人,,制裁,,,,eu_sanctions_map,2026-06-19
Unity,船只,EU-MARE,制裁,,,,eu_sanctions_map,2026-06-19
OAO NPO Bazalt,法人,,制裁,,,,eu_sanctions_map,2026-06-19
RT-Inform Limited Liability Company,法人,,制裁,,,,eu_sanctions_map,2026-06-19
Partizansk,船只,EU-MARE,制裁,,,,eu_sanctions_map,2026-06-19
Joint Stock Company SPMDB Malachite,法人,,制裁,,,,eu_sanctions_map,2026-06-19
TRANSNEFT,法人,,制裁,,,,eu_sanctions_map,2026-06-19
IT-Papillon OOO,法人,,制裁,,,,eu_sanctions_map,2026-06-19
Joint Stock Company Almatyevsk Radiopribor Plant (JSC AZRP),法人,,制裁,,,,eu_sanctions_map,2026-06-19
JSC Zelenogradsky Nanotechnology Center,法人,,制裁,,,,eu_sanctions_map,2026-06-19
ROSNEFT,法人,,制裁,,,,eu_sanctions_map,2026-06-19
Joint Stock Company Project Design Bureau RIO,法人,,制裁,,,,eu_sanctions_map,2026-06-19
Branch of AO Company Sukhoi Yuri Gagarin Komsomolsk-on-Amur Aircraft Plant,法人,,制裁,,,,eu_sanctions_map,2026-06-19
BRONCO,船只,EU-MARE,制裁,,,,eu_sanctions_map,2026-06-19
Symphony,船只,EU-MARE,制裁,,,,eu_sanctions_map,2026-06-19
Eventin,船只,EU-MARE,制裁,,,,eu_sanctions_map,2026-06-19
Madhav,船只,EU-MARE,制裁,,,,eu_sanctions_map,2026-06-19
Sofia K,船只,EU-MARE,制裁,,,,eu_sanctions_map,2026-06-19
Cindy,船只,EU-MARE,制裁,,,,eu_sanctions_map,2026-06-19
Russian Helicopters JSC,法人,,制裁,,,,eu_sanctions_map,2026-06-19
Scientific Research Institute of Communication Management Systems,法人,,制裁,,,,eu_sanctions_map,2026-06-19
JSC V. Tikhomirov Scientific Research Institute of Instrument Design,法人,,制裁,,,,eu_sanctions_map,2026-06-19
"Tactical Missile Corporation, Smolensk Aviation Plant",法人,,制裁,,,,eu_sanctions_map,2026-06-19
LITEYNY PROSPECT,船只,EU-MARE,制裁,,,,eu_sanctions_map,2026-06-19
Special Technology Centre Limited Liability Company,法人,,制裁,,,,eu_sanctions_map,2026-06-19
Success (formerly SCF Amur),船只,EU-MARE,制裁,,,,eu_sanctions_map,2026-06-19
Serena (formerly Pontus I),船只,EU-MARE,制裁,,,,eu_sanctions_map,2026-06-19
Fotuo,船只,EU-MARE,制裁,,,,eu_sanctions_map,2026-06-19
Rossiya 24 / Russia 24,法人,,制裁,,,,eu_sanctions_map,2026-06-19
Admiralty Shipyard JSC,法人,,制裁,,,,eu_sanctions_map,2026-06-19
Concern Radio-Electronic Technologies,法人,,制裁,,,,eu_sanctions_map,2026-06-19
United Shipbuilding Corporation JSC “Krasnoye Sormovo Plant OJSC”,法人,,制裁,,,,eu_sanctions_map,2026-06-19
BELOMOR,船只,EU-MARE,制裁,,,,eu_sanctions_map,2026-06-19
OOO Elkomtekh (Elkomtex),法人,,制裁,,,,eu_sanctions_map,2026-06-19
"Research Institute of Space Instrumentation, JSC",法人,,制裁,,,,eu_sanctions_map,2026-06-19
Chen Lu,船只,EU-MARE,制裁,,,,eu_sanctions_map,2026-06-19
Institute of Theoretical and Experimental Physics,法人,,制裁,,,,eu_sanctions_map,2026-06-19
"Nevskoe Design Bureau, JSC",法人,,制裁,,,,eu_sanctions_map,2026-06-19
M/V Angara,船只,EU-MARE,制裁,,,,eu_sanctions_map,2026-06-19
URALVAGONZAVOD,法人,,制裁,,,,eu_sanctions_map,2026-06-19
Joint Stock Company State Scientific Research Institute Kristall,法人,,制裁,,,,eu_sanctions_map,2026-06-19
Kai Fu,船只,EU-MARE,制裁,,,,eu_sanctions_map,2026-06-19
Si2 Microsystems Pvt Ltd,法人,,制裁,,,,eu_sanctions_map,2026-06-19
"Arsenal Machine-building plant, OJSC",法人,,制裁,,,,eu_sanctions_map,2026-06-19
Joint Stock Company Kazan Optical-Mechanical Plant,法人,,制裁,,,,eu_sanctions_map,2026-06-19
Federal State Enterprise Kazan State Gunpowder Plant,法人,,制裁,,,,eu_sanctions_map,2026-06-19
Tcham NA MAN (a.k.a. Namam),个人,EU-GNB,制裁,,,,eu_sanctions_map,2026-06-19
Idrissa DJALÓ (a.k.a.: Idriça Djaló),个人,EU-GNB,制裁,,,,eu_sanctions_map,2026-06-19
MIN NING DE YOU 078,法人,EU-PRK,制裁,,,,eu_sanctions_map,2026-06-19
Peta Lumina,船只,,制裁,,,,eu_sanctions_map,2026-06-19
